email,password,notes
youtube-premium.user1@luxaccount.vn,LuxPasszfqjs,HSD: 30 ngay - YouTube Premium Account #1
youtube-premium.user2@luxaccount.vn,LuxPass65a76j,HSD: 30 ngay - YouTube Premium Account #2
youtube-premium.user3@luxaccount.vn,LuxPasswqvwyk,HSD: 30 ngay - YouTube Premium Account #3
youtube-premium.user4@luxaccount.vn,LuxPassdfswdr,HSD: 30 ngay - YouTube Premium Account #4
youtube-premium.user5@luxaccount.vn,LuxPassqlbqe5,HSD: 30 ngay - YouTube Premium Account #5
youtube-premium.user6@luxaccount.vn,LuxPass5dcq4,HSD: 30 ngay - YouTube Premium Account #6
youtube-premium.user7@luxaccount.vn,LuxPassui7t6l,HSD: 30 ngay - YouTube Premium Account #7
youtube-premium.user8@luxaccount.vn,LuxPass5mnw3,HSD: 30 ngay - YouTube Premium Account #8
youtube-premium.user9@luxaccount.vn,LuxPass7m0gbaj,HSD: 30 ngay - YouTube Premium Account #9
youtube-premium.user10@luxaccount.vn,LuxPass8sn48i,HSD: 30 ngay - YouTube Premium Account #10
youtube-premium.user11@luxaccount.vn,LuxPass8gldok,HSD: 30 ngay - YouTube Premium Account #11
youtube-premium.user12@luxaccount.vn,LuxPass1xgsar,HSD: 30 ngay - YouTube Premium Account #12
youtube-premium.user13@luxaccount.vn,LuxPassb5h3y,HSD: 30 ngay - YouTube Premium Account #13
youtube-premium.user14@luxaccount.vn,LuxPass4jl98o,HSD: 30 ngay - YouTube Premium Account #14
youtube-premium.user15@luxaccount.vn,LuxPassfhqzkm9b,HSD: 30 ngay - YouTube Premium Account #15
youtube-premium.user16@luxaccount.vn,LuxPassizs2m,HSD: 30 ngay - YouTube Premium Account #16
youtube-premium.user17@luxaccount.vn,LuxPassbep2z,HSD: 30 ngay - YouTube Premium Account #17
youtube-premium.user18@luxaccount.vn,LuxPassml8ty9,HSD: 30 ngay - YouTube Premium Account #18
youtube-premium.user19@luxaccount.vn,LuxPasssn00n,HSD: 30 ngay - YouTube Premium Account #19
youtube-premium.user20@luxaccount.vn,LuxPass1bswe,HSD: 30 ngay - YouTube Premium Account #20
youtube-premium.user21@luxaccount.vn,LuxPasswyjeas,HSD: 30 ngay - YouTube Premium Account #21
youtube-premium.user22@luxaccount.vn,LuxPassbxqywd,HSD: 30 ngay - YouTube Premium Account #22
youtube-premium.user23@luxaccount.vn,LuxPassn81hx7,HSD: 30 ngay - YouTube Premium Account #23
youtube-premium.user24@luxaccount.vn,LuxPasscd4r7x,HSD: 30 ngay - YouTube Premium Account #24
youtube-premium.user25@luxaccount.vn,LuxPassxo363,HSD: 30 ngay - YouTube Premium Account #25
youtube-premium.user26@luxaccount.vn,LuxPassp691u,HSD: 30 ngay - YouTube Premium Account #26
youtube-premium.user27@luxaccount.vn,LuxPass2tc0pl,HSD: 30 ngay - YouTube Premium Account #27
youtube-premium.user28@luxaccount.vn,LuxPasslv47ig,HSD: 30 ngay - YouTube Premium Account #28
youtube-premium.user29@luxaccount.vn,LuxPassn8i92,HSD: 30 ngay - YouTube Premium Account #29
youtube-premium.user30@luxaccount.vn,LuxPass45g4y,HSD: 30 ngay - YouTube Premium Account #30
youtube-premium.user31@luxaccount.vn,LuxPasscimoci,HSD: 30 ngay - YouTube Premium Account #31
youtube-premium.user32@luxaccount.vn,LuxPassntrvre,HSD: 30 ngay - YouTube Premium Account #32
youtube-premium.user33@luxaccount.vn,LuxPassmcpsj,HSD: 30 ngay - YouTube Premium Account #33
youtube-premium.user34@luxaccount.vn,LuxPassh4dyod,HSD: 30 ngay - YouTube Premium Account #34
youtube-premium.user35@luxaccount.vn,LuxPasslqeisd,HSD: 30 ngay - YouTube Premium Account #35
youtube-premium.user36@luxaccount.vn,LuxPassoou3pm,HSD: 30 ngay - YouTube Premium Account #36
youtube-premium.user37@luxaccount.vn,LuxPass7fuabd,HSD: 30 ngay - YouTube Premium Account #37
youtube-premium.user38@luxaccount.vn,LuxPassalcs3,HSD: 30 ngay - YouTube Premium Account #38
youtube-premium.user39@luxaccount.vn,LuxPass0cu18d,HSD: 30 ngay - YouTube Premium Account #39
youtube-premium.user40@luxaccount.vn,LuxPassvoc89,HSD: 30 ngay - YouTube Premium Account #40
youtube-premium.user41@luxaccount.vn,LuxPassr6lhne,HSD: 30 ngay - YouTube Premium Account #41
youtube-premium.user42@luxaccount.vn,LuxPassketfa8,HSD: 30 ngay - YouTube Premium Account #42
youtube-premium.user43@luxaccount.vn,LuxPassvgmpo,HSD: 30 ngay - YouTube Premium Account #43
youtube-premium.user44@luxaccount.vn,LuxPassyc0xz8,HSD: 30 ngay - YouTube Premium Account #44
youtube-premium.user45@luxaccount.vn,LuxPassheuuqb,HSD: 30 ngay - YouTube Premium Account #45
youtube-premium.user46@luxaccount.vn,LuxPassec8oet,HSD: 30 ngay - YouTube Premium Account #46
youtube-premium.user47@luxaccount.vn,LuxPass47v2ck,HSD: 30 ngay - YouTube Premium Account #47
youtube-premium.user48@luxaccount.vn,LuxPass9hs1vr,HSD: 30 ngay - YouTube Premium Account #48
youtube-premium.user49@luxaccount.vn,LuxPassdlv3rb,HSD: 30 ngay - YouTube Premium Account #49
youtube-premium.user50@luxaccount.vn,LuxPass5khqzj,HSD: 30 ngay - YouTube Premium Account #50
youtube-premium.user51@luxaccount.vn,LuxPass0we8ul,HSD: 30 ngay - YouTube Premium Account #51
youtube-premium.user52@luxaccount.vn,LuxPassqsdy,HSD: 30 ngay - YouTube Premium Account #52
youtube-premium.user53@luxaccount.vn,LuxPasseqb8j,HSD: 30 ngay - YouTube Premium Account #53
youtube-premium.user54@luxaccount.vn,LuxPassl1q3n9,HSD: 30 ngay - YouTube Premium Account #54
youtube-premium.user55@luxaccount.vn,LuxPassv7i2bd,HSD: 30 ngay - YouTube Premium Account #55
youtube-premium.user56@luxaccount.vn,LuxPass1fmuza,HSD: 30 ngay - YouTube Premium Account #56
youtube-premium.user57@luxaccount.vn,LuxPassfr9t7s,HSD: 30 ngay - YouTube Premium Account #57
youtube-premium.user58@luxaccount.vn,LuxPassh2g5,HSD: 30 ngay - YouTube Premium Account #58
youtube-premium.user59@luxaccount.vn,LuxPass4knjok,HSD: 30 ngay - YouTube Premium Account #59
youtube-premium.user60@luxaccount.vn,LuxPassxwyx3h,HSD: 30 ngay - YouTube Premium Account #60
youtube-premium.user61@luxaccount.vn,LuxPass65c397,HSD: 30 ngay - YouTube Premium Account #61
youtube-premium.user62@luxaccount.vn,LuxPass60yn1,HSD: 30 ngay - YouTube Premium Account #62
youtube-premium.user63@luxaccount.vn,LuxPass6s0am,HSD: 30 ngay - YouTube Premium Account #63
youtube-premium.user64@luxaccount.vn,LuxPass0qsukm,HSD: 30 ngay - YouTube Premium Account #64
youtube-premium.user65@luxaccount.vn,LuxPasso9mthc,HSD: 30 ngay - YouTube Premium Account #65
youtube-premium.user66@luxaccount.vn,LuxPassysrq3m,HSD: 30 ngay - YouTube Premium Account #66
youtube-premium.user67@luxaccount.vn,LuxPass20w7p,HSD: 30 ngay - YouTube Premium Account #67
youtube-premium.user68@luxaccount.vn,LuxPassh5y275,HSD: 30 ngay - YouTube Premium Account #68
youtube-premium.user69@luxaccount.vn,LuxPasss5m1h,HSD: 30 ngay - YouTube Premium Account #69
youtube-premium.user70@luxaccount.vn,LuxPasscujker,HSD: 30 ngay - YouTube Premium Account #70
youtube-premium.user71@luxaccount.vn,LuxPassd2qmrb,HSD: 30 ngay - YouTube Premium Account #71
youtube-premium.user72@luxaccount.vn,LuxPasscl4ob,HSD: 30 ngay - YouTube Premium Account #72
youtube-premium.user73@luxaccount.vn,LuxPass6f6b6o,HSD: 30 ngay - YouTube Premium Account #73
youtube-premium.user74@luxaccount.vn,LuxPasslb385c,HSD: 30 ngay - YouTube Premium Account #74
youtube-premium.user75@luxaccount.vn,LuxPassbcku4r,HSD: 30 ngay - YouTube Premium Account #75
youtube-premium.user76@luxaccount.vn,LuxPassfhdzcl,HSD: 30 ngay - YouTube Premium Account #76
youtube-premium.user77@luxaccount.vn,LuxPassv3jzvc,HSD: 30 ngay - YouTube Premium Account #77
youtube-premium.user78@luxaccount.vn,LuxPass3bufx3,HSD: 30 ngay - YouTube Premium Account #78
youtube-premium.user79@luxaccount.vn,LuxPassjp03q,HSD: 30 ngay - YouTube Premium Account #79
youtube-premium.user80@luxaccount.vn,LuxPass5si2,HSD: 30 ngay - YouTube Premium Account #80
youtube-premium.user81@luxaccount.vn,LuxPassm6ggs,HSD: 30 ngay - YouTube Premium Account #81
youtube-premium.user82@luxaccount.vn,LuxPassvncw5b,HSD: 30 ngay - YouTube Premium Account #82
youtube-premium.user83@luxaccount.vn,LuxPassod63ql,HSD: 30 ngay - YouTube Premium Account #83
youtube-premium.user84@luxaccount.vn,LuxPassktbok,HSD: 30 ngay - YouTube Premium Account #84
youtube-premium.user85@luxaccount.vn,LuxPassgulmwj,HSD: 30 ngay - YouTube Premium Account #85
youtube-premium.user86@luxaccount.vn,LuxPassgea83h,HSD: 30 ngay - YouTube Premium Account #86
youtube-premium.user87@luxaccount.vn,LuxPassul0c1,HSD: 30 ngay - YouTube Premium Account #87
youtube-premium.user88@luxaccount.vn,LuxPass4wuga,HSD: 30 ngay - YouTube Premium Account #88
youtube-premium.user89@luxaccount.vn,LuxPassyos4h6,HSD: 30 ngay - YouTube Premium Account #89
youtube-premium.user90@luxaccount.vn,LuxPass7zloumc,HSD: 30 ngay - YouTube Premium Account #90
youtube-premium.user91@luxaccount.vn,LuxPasscb3o0c,HSD: 30 ngay - YouTube Premium Account #91
youtube-premium.user92@luxaccount.vn,LuxPassupmid,HSD: 30 ngay - YouTube Premium Account #92
youtube-premium.user93@luxaccount.vn,LuxPasslq75u,HSD: 30 ngay - YouTube Premium Account #93
youtube-premium.user94@luxaccount.vn,LuxPassg9odpm,HSD: 30 ngay - YouTube Premium Account #94
youtube-premium.user95@luxaccount.vn,LuxPass6m2hjh,HSD: 30 ngay - YouTube Premium Account #95
youtube-premium.user96@luxaccount.vn,LuxPass5bb37,HSD: 30 ngay - YouTube Premium Account #96
youtube-premium.user97@luxaccount.vn,LuxPasskt3tlq,HSD: 30 ngay - YouTube Premium Account #97
youtube-premium.user98@luxaccount.vn,LuxPassyio0ua,HSD: 30 ngay - YouTube Premium Account #98
youtube-premium.user99@luxaccount.vn,LuxPass2i5i1,HSD: 30 ngay - YouTube Premium Account #99
youtube-premium.user100@luxaccount.vn,LuxPass4qryh,HSD: 30 ngay - YouTube Premium Account #100
youtube-premium.user101@luxaccount.vn,LuxPassd37zmb,HSD: 30 ngay - YouTube Premium Account #101
youtube-premium.user102@luxaccount.vn,LuxPass8fq4qj,HSD: 30 ngay - YouTube Premium Account #102
youtube-premium.user103@luxaccount.vn,LuxPasso8dl4y,HSD: 30 ngay - YouTube Premium Account #103
youtube-premium.user104@luxaccount.vn,LuxPasszlgagb,HSD: 30 ngay - YouTube Premium Account #104
youtube-premium.user105@luxaccount.vn,LuxPassti1ajs,HSD: 30 ngay - YouTube Premium Account #105
youtube-premium.user106@luxaccount.vn,LuxPass4lx9to,HSD: 30 ngay - YouTube Premium Account #106
youtube-premium.user107@luxaccount.vn,LuxPasszwk6o,HSD: 30 ngay - YouTube Premium Account #107
youtube-premium.user108@luxaccount.vn,LuxPass0dbr2f,HSD: 30 ngay - YouTube Premium Account #108
youtube-premium.user109@luxaccount.vn,LuxPassjdabc,HSD: 30 ngay - YouTube Premium Account #109
youtube-premium.user110@luxaccount.vn,LuxPass5oe7f2,HSD: 30 ngay - YouTube Premium Account #110
youtube-premium.user111@luxaccount.vn,LuxPass9g2lng,HSD: 30 ngay - YouTube Premium Account #111
youtube-premium.user112@luxaccount.vn,LuxPass5i9j9k,HSD: 30 ngay - YouTube Premium Account #112
youtube-premium.user113@luxaccount.vn,LuxPassmiabn5,HSD: 30 ngay - YouTube Premium Account #113
youtube-premium.user114@luxaccount.vn,LuxPassbf5fuc,HSD: 30 ngay - YouTube Premium Account #114
youtube-premium.user115@luxaccount.vn,LuxPass9390t5,HSD: 30 ngay - YouTube Premium Account #115
youtube-premium.user116@luxaccount.vn,LuxPass6l9yrp,HSD: 30 ngay - YouTube Premium Account #116
youtube-premium.user117@luxaccount.vn,LuxPasshhz31x,HSD: 30 ngay - YouTube Premium Account #117
youtube-premium.user118@luxaccount.vn,LuxPasskhlcce,HSD: 30 ngay - YouTube Premium Account #118
youtube-premium.user119@luxaccount.vn,LuxPass77g3v,HSD: 30 ngay - YouTube Premium Account #119
youtube-premium.user120@luxaccount.vn,LuxPassnjjj9c,HSD: 30 ngay - YouTube Premium Account #120
youtube-premium.user121@luxaccount.vn,LuxPasscn0jln,HSD: 30 ngay - YouTube Premium Account #121
youtube-premium.user122@luxaccount.vn,LuxPass5jrct,HSD: 30 ngay - YouTube Premium Account #122
youtube-premium.user123@luxaccount.vn,LuxPassd40ia,HSD: 30 ngay - YouTube Premium Account #123
youtube-premium.user124@luxaccount.vn,LuxPass2oz75,HSD: 30 ngay - YouTube Premium Account #124
youtube-premium.user125@luxaccount.vn,LuxPassnlr2fc,HSD: 30 ngay - YouTube Premium Account #125
youtube-premium.user126@luxaccount.vn,LuxPassd8gb6b,HSD: 30 ngay - YouTube Premium Account #126
youtube-premium.user127@luxaccount.vn,LuxPassat7uh5,HSD: 30 ngay - YouTube Premium Account #127
youtube-premium.user128@luxaccount.vn,LuxPassg75b3u,HSD: 30 ngay - YouTube Premium Account #128
youtube-premium.user129@luxaccount.vn,LuxPasscjs91,HSD: 30 ngay - YouTube Premium Account #129
youtube-premium.user130@luxaccount.vn,LuxPassh5x4a5,HSD: 30 ngay - YouTube Premium Account #130
youtube-premium.user131@luxaccount.vn,LuxPass0gru9a,HSD: 30 ngay - YouTube Premium Account #131
youtube-premium.user132@luxaccount.vn,LuxPass5cdde,HSD: 30 ngay - YouTube Premium Account #132
youtube-premium.user133@luxaccount.vn,LuxPassq9dhq8,HSD: 30 ngay - YouTube Premium Account #133
youtube-premium.user134@luxaccount.vn,LuxPasstfw3e9,HSD: 30 ngay - YouTube Premium Account #134
youtube-premium.user135@luxaccount.vn,LuxPassydw6i7,HSD: 30 ngay - YouTube Premium Account #135
youtube-premium.user136@luxaccount.vn,LuxPasspfldt4,HSD: 30 ngay - YouTube Premium Account #136
youtube-premium.user137@luxaccount.vn,LuxPassolm7bm,HSD: 30 ngay - YouTube Premium Account #137
youtube-premium.user138@luxaccount.vn,LuxPassjh7zg9,HSD: 30 ngay - YouTube Premium Account #138
youtube-premium.user139@luxaccount.vn,LuxPass74i5of,HSD: 30 ngay - YouTube Premium Account #139
youtube-premium.user140@luxaccount.vn,LuxPassdscsus,HSD: 30 ngay - YouTube Premium Account #140
youtube-premium.user141@luxaccount.vn,LuxPassoht65m,HSD: 30 ngay - YouTube Premium Account #141
youtube-premium.user142@luxaccount.vn,LuxPassusy2xq,HSD: 30 ngay - YouTube Premium Account #142
youtube-premium.user143@luxaccount.vn,LuxPass4rie0d,HSD: 30 ngay - YouTube Premium Account #143
youtube-premium.user144@luxaccount.vn,LuxPass8lzz3,HSD: 30 ngay - YouTube Premium Account #144
youtube-premium.user145@luxaccount.vn,LuxPassop7rxe,HSD: 30 ngay - YouTube Premium Account #145
youtube-premium.user146@luxaccount.vn,LuxPassko4kk0b,HSD: 30 ngay - YouTube Premium Account #146
youtube-premium.user147@luxaccount.vn,LuxPassuj3jf6,HSD: 30 ngay - YouTube Premium Account #147
youtube-premium.user148@luxaccount.vn,LuxPass0p5ll7,HSD: 30 ngay - YouTube Premium Account #148
youtube-premium.user149@luxaccount.vn,LuxPassl0di48,HSD: 30 ngay - YouTube Premium Account #149
youtube-premium.user150@luxaccount.vn,LuxPass02h06q,HSD: 30 ngay - YouTube Premium Account #150
youtube-premium.user151@luxaccount.vn,LuxPassrzdy9z,HSD: 30 ngay - YouTube Premium Account #151
youtube-premium.user152@luxaccount.vn,LuxPasss08iq6,HSD: 30 ngay - YouTube Premium Account #152
youtube-premium.user153@luxaccount.vn,LuxPass5yr5r,HSD: 30 ngay - YouTube Premium Account #153
youtube-premium.user154@luxaccount.vn,LuxPass554eje,HSD: 30 ngay - YouTube Premium Account #154
youtube-premium.user155@luxaccount.vn,LuxPassyn3rnb,HSD: 30 ngay - YouTube Premium Account #155
youtube-premium.user156@luxaccount.vn,LuxPasskljh7k,HSD: 30 ngay - YouTube Premium Account #156
youtube-premium.user157@luxaccount.vn,LuxPasss6f8zk,HSD: 30 ngay - YouTube Premium Account #157
youtube-premium.user158@luxaccount.vn,LuxPassbnya4,HSD: 30 ngay - YouTube Premium Account #158
youtube-premium.user159@luxaccount.vn,LuxPassf0jtr,HSD: 30 ngay - YouTube Premium Account #159
youtube-premium.user160@luxaccount.vn,LuxPass1ha42r,HSD: 30 ngay - YouTube Premium Account #160
youtube-premium.user161@luxaccount.vn,LuxPass1hethw,HSD: 30 ngay - YouTube Premium Account #161
youtube-premium.user162@luxaccount.vn,LuxPasscg5277,HSD: 30 ngay - YouTube Premium Account #162
youtube-premium.user163@luxaccount.vn,LuxPassrq8jjn,HSD: 30 ngay - YouTube Premium Account #163
youtube-premium.user164@luxaccount.vn,LuxPassda0s0t,HSD: 30 ngay - YouTube Premium Account #164
youtube-premium.user165@luxaccount.vn,LuxPassagbuw,HSD: 30 ngay - YouTube Premium Account #165
youtube-premium.user166@luxaccount.vn,LuxPassne9bgn,HSD: 30 ngay - YouTube Premium Account #166
youtube-premium.user167@luxaccount.vn,LuxPassvi63cv,HSD: 30 ngay - YouTube Premium Account #167
youtube-premium.user168@luxaccount.vn,LuxPasszq6d9k,HSD: 30 ngay - YouTube Premium Account #168
youtube-premium.user169@luxaccount.vn,LuxPass5lakcb,HSD: 30 ngay - YouTube Premium Account #169
youtube-premium.user170@luxaccount.vn,LuxPass395088,HSD: 30 ngay - YouTube Premium Account #170
youtube-premium.user171@luxaccount.vn,LuxPass0vn2jg,HSD: 30 ngay - YouTube Premium Account #171
youtube-premium.user172@luxaccount.vn,LuxPassggzwhq,HSD: 30 ngay - YouTube Premium Account #172
youtube-premium.user173@luxaccount.vn,LuxPassus7ip6,HSD: 30 ngay - YouTube Premium Account #173
youtube-premium.user174@luxaccount.vn,LuxPasssj6nx4,HSD: 30 ngay - YouTube Premium Account #174
youtube-premium.user175@luxaccount.vn,LuxPasstcdjg,HSD: 30 ngay - YouTube Premium Account #175
youtube-premium.user176@luxaccount.vn,LuxPassxibtwt,HSD: 30 ngay - YouTube Premium Account #176
youtube-premium.user177@luxaccount.vn,LuxPass8nbase,HSD: 30 ngay - YouTube Premium Account #177
youtube-premium.user178@luxaccount.vn,LuxPassobtsfd,HSD: 30 ngay - YouTube Premium Account #178
youtube-premium.user179@luxaccount.vn,LuxPassq31p2w,HSD: 30 ngay - YouTube Premium Account #179
youtube-premium.user180@luxaccount.vn,LuxPass20okwa,HSD: 30 ngay - YouTube Premium Account #180
youtube-premium.user181@luxaccount.vn,LuxPass7h1p0a,HSD: 30 ngay - YouTube Premium Account #181
youtube-premium.user182@luxaccount.vn,LuxPass849a6e,HSD: 30 ngay - YouTube Premium Account #182
youtube-premium.user183@luxaccount.vn,LuxPassqasuv,HSD: 30 ngay - YouTube Premium Account #183
youtube-premium.user184@luxaccount.vn,LuxPassni5x0j,HSD: 30 ngay - YouTube Premium Account #184
youtube-premium.user185@luxaccount.vn,LuxPassb6e63m,HSD: 30 ngay - YouTube Premium Account #185
youtube-premium.user186@luxaccount.vn,LuxPass6lxd2c,HSD: 30 ngay - YouTube Premium Account #186
youtube-premium.user187@luxaccount.vn,LuxPassd5uqa3,HSD: 30 ngay - YouTube Premium Account #187
youtube-premium.user188@luxaccount.vn,LuxPassr7en8a,HSD: 30 ngay - YouTube Premium Account #188
youtube-premium.user189@luxaccount.vn,LuxPassfspw8e,HSD: 30 ngay - YouTube Premium Account #189
youtube-premium.user190@luxaccount.vn,LuxPasscc3yr,HSD: 30 ngay - YouTube Premium Account #190
youtube-premium.user191@luxaccount.vn,LuxPass40r2c7,HSD: 30 ngay - YouTube Premium Account #191
youtube-premium.user192@luxaccount.vn,LuxPassm6iwgc,HSD: 30 ngay - YouTube Premium Account #192
youtube-premium.user193@luxaccount.vn,LuxPasslcyxj5,HSD: 30 ngay - YouTube Premium Account #193
youtube-premium.user194@luxaccount.vn,LuxPasslb4wli,HSD: 30 ngay - YouTube Premium Account #194
youtube-premium.user195@luxaccount.vn,LuxPass0ftqe8,HSD: 30 ngay - YouTube Premium Account #195
youtube-premium.user196@luxaccount.vn,LuxPassuy8gip,HSD: 30 ngay - YouTube Premium Account #196
youtube-premium.user197@luxaccount.vn,LuxPassrhhxim,HSD: 30 ngay - YouTube Premium Account #197
youtube-premium.user198@luxaccount.vn,LuxPasskvisxe,HSD: 30 ngay - YouTube Premium Account #198
youtube-premium.user199@luxaccount.vn,LuxPasstkhzgc,HSD: 30 ngay - YouTube Premium Account #199
youtube-premium.user200@luxaccount.vn,LuxPassxk7ytg,HSD: 30 ngay - YouTube Premium Account #200
youtube-premium.user201@luxaccount.vn,LuxPass016j8,HSD: 30 ngay - YouTube Premium Account #201
youtube-premium.user202@luxaccount.vn,LuxPassyfzj3,HSD: 30 ngay - YouTube Premium Account #202
youtube-premium.user203@luxaccount.vn,LuxPass9vbv4w,HSD: 30 ngay - YouTube Premium Account #203
youtube-premium.user204@luxaccount.vn,LuxPass3oylhr,HSD: 30 ngay - YouTube Premium Account #204
youtube-premium.user205@luxaccount.vn,LuxPasskamcka,HSD: 30 ngay - YouTube Premium Account #205
youtube-premium.user206@luxaccount.vn,LuxPassmkloxb,HSD: 30 ngay - YouTube Premium Account #206
youtube-premium.user207@luxaccount.vn,LuxPassf5ze4t,HSD: 30 ngay - YouTube Premium Account #207
youtube-premium.user208@luxaccount.vn,LuxPass2im48s,HSD: 30 ngay - YouTube Premium Account #208
youtube-premium.user209@luxaccount.vn,LuxPass0h3m39,HSD: 30 ngay - YouTube Premium Account #209
youtube-premium.user210@luxaccount.vn,LuxPass4q1qdu,HSD: 30 ngay - YouTube Premium Account #210
youtube-premium.user211@luxaccount.vn,LuxPassxljs4p,HSD: 30 ngay - YouTube Premium Account #211
youtube-premium.user212@luxaccount.vn,LuxPass5p8n89,HSD: 30 ngay - YouTube Premium Account #212
youtube-premium.user213@luxaccount.vn,LuxPassvimptj,HSD: 30 ngay - YouTube Premium Account #213
youtube-premium.user214@luxaccount.vn,LuxPass854cw,HSD: 30 ngay - YouTube Premium Account #214
youtube-premium.user215@luxaccount.vn,LuxPass9a9e,HSD: 30 ngay - YouTube Premium Account #215
youtube-premium.user216@luxaccount.vn,LuxPassm4jt03j,HSD: 30 ngay - YouTube Premium Account #216
youtube-premium.user217@luxaccount.vn,LuxPassjh0ag,HSD: 30 ngay - YouTube Premium Account #217
youtube-premium.user218@luxaccount.vn,LuxPass623ldc,HSD: 30 ngay - YouTube Premium Account #218
youtube-premium.user219@luxaccount.vn,LuxPass7tsff9,HSD: 30 ngay - YouTube Premium Account #219
youtube-premium.user220@luxaccount.vn,LuxPass8tzpul,HSD: 30 ngay - YouTube Premium Account #220
youtube-premium.user221@luxaccount.vn,LuxPass9fbym,HSD: 30 ngay - YouTube Premium Account #221
youtube-premium.user222@luxaccount.vn,LuxPassnvzty,HSD: 30 ngay - YouTube Premium Account #222
youtube-premium.user223@luxaccount.vn,LuxPassd7edyf,HSD: 30 ngay - YouTube Premium Account #223
youtube-premium.user224@luxaccount.vn,LuxPassf2m3wn,HSD: 30 ngay - YouTube Premium Account #224
youtube-premium.user225@luxaccount.vn,LuxPassav7h9,HSD: 30 ngay - YouTube Premium Account #225
youtube-premium.user226@luxaccount.vn,LuxPasswy5eu,HSD: 30 ngay - YouTube Premium Account #226
youtube-premium.user227@luxaccount.vn,LuxPassiv7zr,HSD: 30 ngay - YouTube Premium Account #227
youtube-premium.user228@luxaccount.vn,LuxPassmdajqm,HSD: 30 ngay - YouTube Premium Account #228
youtube-premium.user229@luxaccount.vn,LuxPasssg871i,HSD: 30 ngay - YouTube Premium Account #229
youtube-premium.user230@luxaccount.vn,LuxPassrhhwno,HSD: 30 ngay - YouTube Premium Account #230
youtube-premium.user231@luxaccount.vn,LuxPassib868d,HSD: 30 ngay - YouTube Premium Account #231
youtube-premium.user232@luxaccount.vn,LuxPassscihjsa,HSD: 30 ngay - YouTube Premium Account #232
youtube-premium.user233@luxaccount.vn,LuxPassiwkqie,HSD: 30 ngay - YouTube Premium Account #233
youtube-premium.user234@luxaccount.vn,LuxPassk5fnk,HSD: 30 ngay - YouTube Premium Account #234
youtube-premium.user235@luxaccount.vn,LuxPassvdprs4,HSD: 30 ngay - YouTube Premium Account #235
youtube-premium.user236@luxaccount.vn,LuxPassuaggsm,HSD: 30 ngay - YouTube Premium Account #236
youtube-premium.user237@luxaccount.vn,LuxPass9i9hu,HSD: 30 ngay - YouTube Premium Account #237
youtube-premium.user238@luxaccount.vn,LuxPass3r0oh,HSD: 30 ngay - YouTube Premium Account #238
youtube-premium.user239@luxaccount.vn,LuxPassexmjxi,HSD: 30 ngay - YouTube Premium Account #239
youtube-premium.user240@luxaccount.vn,LuxPassasegz,HSD: 30 ngay - YouTube Premium Account #240
youtube-premium.user241@luxaccount.vn,LuxPassbmie2p,HSD: 30 ngay - YouTube Premium Account #241
youtube-premium.user242@luxaccount.vn,LuxPass4212ba,HSD: 30 ngay - YouTube Premium Account #242
youtube-premium.user243@luxaccount.vn,LuxPasskw68hw,HSD: 30 ngay - YouTube Premium Account #243
youtube-premium.user244@luxaccount.vn,LuxPassbgjc8f,HSD: 30 ngay - YouTube Premium Account #244
youtube-premium.user245@luxaccount.vn,LuxPassidu25r,HSD: 30 ngay - YouTube Premium Account #245
youtube-premium.user246@luxaccount.vn,LuxPassfia08l,HSD: 30 ngay - YouTube Premium Account #246
youtube-premium.user247@luxaccount.vn,LuxPassqsc9v4,HSD: 30 ngay - YouTube Premium Account #247
youtube-premium.user248@luxaccount.vn,LuxPassjciczq,HSD: 30 ngay - YouTube Premium Account #248
youtube-premium.user249@luxaccount.vn,LuxPass6qt87,HSD: 30 ngay - YouTube Premium Account #249
youtube-premium.user250@luxaccount.vn,LuxPasszkhovm,HSD: 30 ngay - YouTube Premium Account #250
youtube-premium.user251@luxaccount.vn,LuxPassqv7f5n,HSD: 30 ngay - YouTube Premium Account #251
youtube-premium.user252@luxaccount.vn,LuxPassjmd033,HSD: 30 ngay - YouTube Premium Account #252
youtube-premium.user253@luxaccount.vn,LuxPass7l6rnv,HSD: 30 ngay - YouTube Premium Account #253
youtube-premium.user254@luxaccount.vn,LuxPasseqfmdb,HSD: 30 ngay - YouTube Premium Account #254
youtube-premium.user255@luxaccount.vn,LuxPassjael7u,HSD: 30 ngay - YouTube Premium Account #255
youtube-premium.user256@luxaccount.vn,LuxPass0g71s,HSD: 30 ngay - YouTube Premium Account #256
youtube-premium.user257@luxaccount.vn,LuxPassazrzfj,HSD: 30 ngay - YouTube Premium Account #257
youtube-premium.user258@luxaccount.vn,LuxPassea006i,HSD: 30 ngay - YouTube Premium Account #258
youtube-premium.user259@luxaccount.vn,LuxPassb2lb1,HSD: 30 ngay - YouTube Premium Account #259
youtube-premium.user260@luxaccount.vn,LuxPasssaorxr,HSD: 30 ngay - YouTube Premium Account #260
youtube-premium.user261@luxaccount.vn,LuxPass3ydt3i,HSD: 30 ngay - YouTube Premium Account #261
youtube-premium.user262@luxaccount.vn,LuxPassjbx8pq,HSD: 30 ngay - YouTube Premium Account #262
youtube-premium.user263@luxaccount.vn,LuxPassklw01u,HSD: 30 ngay - YouTube Premium Account #263
youtube-premium.user264@luxaccount.vn,LuxPassbx8c6r,HSD: 30 ngay - YouTube Premium Account #264
youtube-premium.user265@luxaccount.vn,LuxPassfg7p9,HSD: 30 ngay - YouTube Premium Account #265
youtube-premium.user266@luxaccount.vn,LuxPassyu8s1,HSD: 30 ngay - YouTube Premium Account #266
youtube-premium.user267@luxaccount.vn,LuxPass01vrnk,HSD: 30 ngay - YouTube Premium Account #267
youtube-premium.user268@luxaccount.vn,LuxPassjbhm55,HSD: 30 ngay - YouTube Premium Account #268
youtube-premium.user269@luxaccount.vn,LuxPasssjek3r,HSD: 30 ngay - YouTube Premium Account #269
youtube-premium.user270@luxaccount.vn,LuxPassnifz9,HSD: 30 ngay - YouTube Premium Account #270
youtube-premium.user271@luxaccount.vn,LuxPassgag32l,HSD: 30 ngay - YouTube Premium Account #271
youtube-premium.user272@luxaccount.vn,LuxPass6l36p9,HSD: 30 ngay - YouTube Premium Account #272
youtube-premium.user273@luxaccount.vn,LuxPassaj465,HSD: 30 ngay - YouTube Premium Account #273
youtube-premium.user274@luxaccount.vn,LuxPasszp9qa,HSD: 30 ngay - YouTube Premium Account #274
youtube-premium.user275@luxaccount.vn,LuxPassf29wuj,HSD: 30 ngay - YouTube Premium Account #275
youtube-premium.user276@luxaccount.vn,LuxPassrak0za,HSD: 30 ngay - YouTube Premium Account #276
youtube-premium.user277@luxaccount.vn,LuxPasss9ndcp,HSD: 30 ngay - YouTube Premium Account #277
youtube-premium.user278@luxaccount.vn,LuxPassoqr7eh,HSD: 30 ngay - YouTube Premium Account #278
youtube-premium.user279@luxaccount.vn,LuxPassjof5bn,HSD: 30 ngay - YouTube Premium Account #279
youtube-premium.user280@luxaccount.vn,LuxPassyv8fwd,HSD: 30 ngay - YouTube Premium Account #280
youtube-premium.user281@luxaccount.vn,LuxPassriligj,HSD: 30 ngay - YouTube Premium Account #281
youtube-premium.user282@luxaccount.vn,LuxPassh72tc,HSD: 30 ngay - YouTube Premium Account #282
youtube-premium.user283@luxaccount.vn,LuxPass9fisii,HSD: 30 ngay - YouTube Premium Account #283
youtube-premium.user284@luxaccount.vn,LuxPasslkt8z9,HSD: 30 ngay - YouTube Premium Account #284
youtube-premium.user285@luxaccount.vn,LuxPasso59sg,HSD: 30 ngay - YouTube Premium Account #285
youtube-premium.user286@luxaccount.vn,LuxPassfogav,HSD: 30 ngay - YouTube Premium Account #286
youtube-premium.user287@luxaccount.vn,LuxPassx3g04e,HSD: 30 ngay - YouTube Premium Account #287
youtube-premium.user288@luxaccount.vn,LuxPassnikwfj,HSD: 30 ngay - YouTube Premium Account #288
youtube-premium.user289@luxaccount.vn,LuxPassh5hgcf,HSD: 30 ngay - YouTube Premium Account #289
youtube-premium.user290@luxaccount.vn,LuxPassel6twg,HSD: 30 ngay - YouTube Premium Account #290
youtube-premium.user291@luxaccount.vn,LuxPass7m7tso,HSD: 30 ngay - YouTube Premium Account #291
youtube-premium.user292@luxaccount.vn,LuxPassi4vo7,HSD: 30 ngay - YouTube Premium Account #292
youtube-premium.user293@luxaccount.vn,LuxPasssgunbq,HSD: 30 ngay - YouTube Premium Account #293
youtube-premium.user294@luxaccount.vn,LuxPassry9vw,HSD: 30 ngay - YouTube Premium Account #294
youtube-premium.user295@luxaccount.vn,LuxPassbvsqzc,HSD: 30 ngay - YouTube Premium Account #295
youtube-premium.user296@luxaccount.vn,LuxPasshzmxbd,HSD: 30 ngay - YouTube Premium Account #296
youtube-premium.user297@luxaccount.vn,LuxPassbz3ii,HSD: 30 ngay - YouTube Premium Account #297
youtube-premium.user298@luxaccount.vn,LuxPassmfmgp,HSD: 30 ngay - YouTube Premium Account #298
youtube-premium.user299@luxaccount.vn,LuxPass1kti5c,HSD: 30 ngay - YouTube Premium Account #299
youtube-premium.user300@luxaccount.vn,LuxPasssg3xac,HSD: 30 ngay - YouTube Premium Account #300
youtube-premium.user301@luxaccount.vn,LuxPasse7tgrr,HSD: 30 ngay - YouTube Premium Account #301
youtube-premium.user302@luxaccount.vn,LuxPass2ho11m,HSD: 30 ngay - YouTube Premium Account #302
youtube-premium.user303@luxaccount.vn,LuxPass5unud,HSD: 30 ngay - YouTube Premium Account #303
youtube-premium.user304@luxaccount.vn,LuxPasshl6o6,HSD: 30 ngay - YouTube Premium Account #304
youtube-premium.user305@luxaccount.vn,LuxPassnboclv,HSD: 30 ngay - YouTube Premium Account #305
youtube-premium.user306@luxaccount.vn,LuxPass8mph8q,HSD: 30 ngay - YouTube Premium Account #306
youtube-premium.user307@luxaccount.vn,LuxPassgz2k1r,HSD: 30 ngay - YouTube Premium Account #307
youtube-premium.user308@luxaccount.vn,LuxPassvj6nfn,HSD: 30 ngay - YouTube Premium Account #308
youtube-premium.user309@luxaccount.vn,LuxPass1e684s,HSD: 30 ngay - YouTube Premium Account #309
youtube-premium.user310@luxaccount.vn,LuxPassg39s0u,HSD: 30 ngay - YouTube Premium Account #310
youtube-premium.user311@luxaccount.vn,LuxPass3ssira,HSD: 30 ngay - YouTube Premium Account #311
youtube-premium.user312@luxaccount.vn,LuxPasszo0n3,HSD: 30 ngay - YouTube Premium Account #312
youtube-premium.user313@luxaccount.vn,LuxPass8mw4of,HSD: 30 ngay - YouTube Premium Account #313
youtube-premium.user314@luxaccount.vn,LuxPass65wpxp,HSD: 30 ngay - YouTube Premium Account #314
youtube-premium.user315@luxaccount.vn,LuxPasscgxbi,HSD: 30 ngay - YouTube Premium Account #315
youtube-premium.user316@luxaccount.vn,LuxPasso0gfar,HSD: 30 ngay - YouTube Premium Account #316
youtube-premium.user317@luxaccount.vn,LuxPassdifcr,HSD: 30 ngay - YouTube Premium Account #317
youtube-premium.user318@luxaccount.vn,LuxPass746vpi,HSD: 30 ngay - YouTube Premium Account #318
youtube-premium.user319@luxaccount.vn,LuxPassfefi2o,HSD: 30 ngay - YouTube Premium Account #319
youtube-premium.user320@luxaccount.vn,LuxPassnjg5hm,HSD: 30 ngay - YouTube Premium Account #320
youtube-premium.user321@luxaccount.vn,LuxPass83eppa,HSD: 30 ngay - YouTube Premium Account #321
youtube-premium.user322@luxaccount.vn,LuxPass33685,HSD: 30 ngay - YouTube Premium Account #322
youtube-premium.user323@luxaccount.vn,LuxPassk041op,HSD: 30 ngay - YouTube Premium Account #323
youtube-premium.user324@luxaccount.vn,LuxPassq448vn,HSD: 30 ngay - YouTube Premium Account #324
youtube-premium.user325@luxaccount.vn,LuxPass85qmgk,HSD: 30 ngay - YouTube Premium Account #325
youtube-premium.user326@luxaccount.vn,LuxPass0s1wavg,HSD: 30 ngay - YouTube Premium Account #326
youtube-premium.user327@luxaccount.vn,LuxPass7gmvy,HSD: 30 ngay - YouTube Premium Account #327
youtube-premium.user328@luxaccount.vn,LuxPass65rbin,HSD: 30 ngay - YouTube Premium Account #328
youtube-premium.user329@luxaccount.vn,LuxPasstkmvy,HSD: 30 ngay - YouTube Premium Account #329
youtube-premium.user330@luxaccount.vn,LuxPasshz0qca,HSD: 30 ngay - YouTube Premium Account #330
youtube-premium.user331@luxaccount.vn,LuxPassu2buld,HSD: 30 ngay - YouTube Premium Account #331
youtube-premium.user332@luxaccount.vn,LuxPassxfi5he,HSD: 30 ngay - YouTube Premium Account #332
youtube-premium.user333@luxaccount.vn,LuxPass8etk4y,HSD: 30 ngay - YouTube Premium Account #333
youtube-premium.user334@luxaccount.vn,LuxPassvcdjt,HSD: 30 ngay - YouTube Premium Account #334
youtube-premium.user335@luxaccount.vn,LuxPass8s9gq5,HSD: 30 ngay - YouTube Premium Account #335
youtube-premium.user336@luxaccount.vn,LuxPassjaeegq,HSD: 30 ngay - YouTube Premium Account #336
youtube-premium.user337@luxaccount.vn,LuxPasssqtvbg,HSD: 30 ngay - YouTube Premium Account #337
youtube-premium.user338@luxaccount.vn,LuxPassyjjath,HSD: 30 ngay - YouTube Premium Account #338
youtube-premium.user339@luxaccount.vn,LuxPasswlxwz1,HSD: 30 ngay - YouTube Premium Account #339
youtube-premium.user340@luxaccount.vn,LuxPassc7asig,HSD: 30 ngay - YouTube Premium Account #340
youtube-premium.user341@luxaccount.vn,LuxPassivyxj,HSD: 30 ngay - YouTube Premium Account #341
youtube-premium.user342@luxaccount.vn,LuxPasspf51uu,HSD: 30 ngay - YouTube Premium Account #342
youtube-premium.user343@luxaccount.vn,LuxPasslywwl,HSD: 30 ngay - YouTube Premium Account #343
youtube-premium.user344@luxaccount.vn,LuxPasskwnqp,HSD: 30 ngay - YouTube Premium Account #344
youtube-premium.user345@luxaccount.vn,LuxPass72poj,HSD: 30 ngay - YouTube Premium Account #345
youtube-premium.user346@luxaccount.vn,LuxPass71197,HSD: 30 ngay - YouTube Premium Account #346
youtube-premium.user347@luxaccount.vn,LuxPassbly38q,HSD: 30 ngay - YouTube Premium Account #347
youtube-premium.user348@luxaccount.vn,LuxPassrt3sml,HSD: 30 ngay - YouTube Premium Account #348
youtube-premium.user349@luxaccount.vn,LuxPassvq2lcr,HSD: 30 ngay - YouTube Premium Account #349
youtube-premium.user350@luxaccount.vn,LuxPassqm5cm8,HSD: 30 ngay - YouTube Premium Account #350
youtube-premium.user351@luxaccount.vn,LuxPassq2ufnr,HSD: 30 ngay - YouTube Premium Account #351
youtube-premium.user352@luxaccount.vn,LuxPassr6pzzc,HSD: 30 ngay - YouTube Premium Account #352
youtube-premium.user353@luxaccount.vn,LuxPassz5gkzt,HSD: 30 ngay - YouTube Premium Account #353
youtube-premium.user354@luxaccount.vn,LuxPass301l5,HSD: 30 ngay - YouTube Premium Account #354
youtube-premium.user355@luxaccount.vn,LuxPassyjvvl,HSD: 30 ngay - YouTube Premium Account #355
youtube-premium.user356@luxaccount.vn,LuxPassx29n88,HSD: 30 ngay - YouTube Premium Account #356
youtube-premium.user357@luxaccount.vn,LuxPassbh9r8,HSD: 30 ngay - YouTube Premium Account #357
youtube-premium.user358@luxaccount.vn,LuxPass0xvmak,HSD: 30 ngay - YouTube Premium Account #358
youtube-premium.user359@luxaccount.vn,LuxPassahge9q,HSD: 30 ngay - YouTube Premium Account #359
youtube-premium.user360@luxaccount.vn,LuxPassc0f1z,HSD: 30 ngay - YouTube Premium Account #360
youtube-premium.user361@luxaccount.vn,LuxPass7rtoo,HSD: 30 ngay - YouTube Premium Account #361
youtube-premium.user362@luxaccount.vn,LuxPassl3i92,HSD: 30 ngay - YouTube Premium Account #362
youtube-premium.user363@luxaccount.vn,LuxPassx5uh89,HSD: 30 ngay - YouTube Premium Account #363
youtube-premium.user364@luxaccount.vn,LuxPass19j4wq,HSD: 30 ngay - YouTube Premium Account #364
youtube-premium.user365@luxaccount.vn,LuxPassbeqghj,HSD: 30 ngay - YouTube Premium Account #365
youtube-premium.user366@luxaccount.vn,LuxPassgj0l9o,HSD: 30 ngay - YouTube Premium Account #366
youtube-premium.user367@luxaccount.vn,LuxPassc6ix7,HSD: 30 ngay - YouTube Premium Account #367
youtube-premium.user368@luxaccount.vn,LuxPasscrhoyb,HSD: 30 ngay - YouTube Premium Account #368
youtube-premium.user369@luxaccount.vn,LuxPass56ld1l,HSD: 30 ngay - YouTube Premium Account #369
youtube-premium.user370@luxaccount.vn,LuxPass1d3o3d,HSD: 30 ngay - YouTube Premium Account #370
youtube-premium.user371@luxaccount.vn,LuxPasswaw5ge,HSD: 30 ngay - YouTube Premium Account #371
youtube-premium.user372@luxaccount.vn,LuxPassp26kdq,HSD: 30 ngay - YouTube Premium Account #372
youtube-premium.user373@luxaccount.vn,LuxPasszm0n0g,HSD: 30 ngay - YouTube Premium Account #373
youtube-premium.user374@luxaccount.vn,LuxPass572i8q,HSD: 30 ngay - YouTube Premium Account #374
youtube-premium.user375@luxaccount.vn,LuxPassvpmk2j,HSD: 30 ngay - YouTube Premium Account #375
youtube-premium.user376@luxaccount.vn,LuxPassif8no3p,HSD: 30 ngay - YouTube Premium Account #376
youtube-premium.user377@luxaccount.vn,LuxPassoi1v6x,HSD: 30 ngay - YouTube Premium Account #377
youtube-premium.user378@luxaccount.vn,LuxPass4kp6f,HSD: 30 ngay - YouTube Premium Account #378
youtube-premium.user379@luxaccount.vn,LuxPassmxaxdd,HSD: 30 ngay - YouTube Premium Account #379
youtube-premium.user380@luxaccount.vn,LuxPasse6qki,HSD: 30 ngay - YouTube Premium Account #380
youtube-premium.user381@luxaccount.vn,LuxPasswlzaq,HSD: 30 ngay - YouTube Premium Account #381
youtube-premium.user382@luxaccount.vn,LuxPassd5lgz9,HSD: 30 ngay - YouTube Premium Account #382
youtube-premium.user383@luxaccount.vn,LuxPasszoyetn,HSD: 30 ngay - YouTube Premium Account #383
youtube-premium.user384@luxaccount.vn,LuxPass5krhst,HSD: 30 ngay - YouTube Premium Account #384
youtube-premium.user385@luxaccount.vn,LuxPass8hh8ma,HSD: 30 ngay - YouTube Premium Account #385
youtube-premium.user386@luxaccount.vn,LuxPassx8g6u,HSD: 30 ngay - YouTube Premium Account #386
youtube-premium.user387@luxaccount.vn,LuxPass7t8yq,HSD: 30 ngay - YouTube Premium Account #387
youtube-premium.user388@luxaccount.vn,LuxPassjzrz6k,HSD: 30 ngay - YouTube Premium Account #388
youtube-premium.user389@luxaccount.vn,LuxPassqkycy6,HSD: 30 ngay - YouTube Premium Account #389
youtube-premium.user390@luxaccount.vn,LuxPass157fu9,HSD: 30 ngay - YouTube Premium Account #390
youtube-premium.user391@luxaccount.vn,LuxPassikvhq6,HSD: 30 ngay - YouTube Premium Account #391
youtube-premium.user392@luxaccount.vn,LuxPassvhk7269,HSD: 30 ngay - YouTube Premium Account #392
youtube-premium.user393@luxaccount.vn,LuxPassfv43c,HSD: 30 ngay - YouTube Premium Account #393
youtube-premium.user394@luxaccount.vn,LuxPass5ieyv,HSD: 30 ngay - YouTube Premium Account #394
youtube-premium.user395@luxaccount.vn,LuxPassexwid,HSD: 30 ngay - YouTube Premium Account #395
youtube-premium.user396@luxaccount.vn,LuxPassbgt6dk,HSD: 30 ngay - YouTube Premium Account #396
youtube-premium.user397@luxaccount.vn,LuxPassl630ach,HSD: 30 ngay - YouTube Premium Account #397
youtube-premium.user398@luxaccount.vn,LuxPass40t6qs,HSD: 30 ngay - YouTube Premium Account #398
youtube-premium.user399@luxaccount.vn,LuxPassjyjdc9,HSD: 30 ngay - YouTube Premium Account #399
youtube-premium.user400@luxaccount.vn,LuxPasswchris,HSD: 30 ngay - YouTube Premium Account #400
youtube-premium.user401@luxaccount.vn,LuxPassylm7a,HSD: 30 ngay - YouTube Premium Account #401
youtube-premium.user402@luxaccount.vn,LuxPassuugkz,HSD: 30 ngay - YouTube Premium Account #402
youtube-premium.user403@luxaccount.vn,LuxPass64eveg,HSD: 30 ngay - YouTube Premium Account #403
youtube-premium.user404@luxaccount.vn,LuxPassj3frke5,HSD: 30 ngay - YouTube Premium Account #404
youtube-premium.user405@luxaccount.vn,LuxPassuskg8,HSD: 30 ngay - YouTube Premium Account #405
youtube-premium.user406@luxaccount.vn,LuxPass986iuh,HSD: 30 ngay - YouTube Premium Account #406
youtube-premium.user407@luxaccount.vn,LuxPassxgrtc5,HSD: 30 ngay - YouTube Premium Account #407
youtube-premium.user408@luxaccount.vn,LuxPassro0flk,HSD: 30 ngay - YouTube Premium Account #408
youtube-premium.user409@luxaccount.vn,LuxPasshmulie,HSD: 30 ngay - YouTube Premium Account #409
youtube-premium.user410@luxaccount.vn,LuxPassjkp1p,HSD: 30 ngay - YouTube Premium Account #410
youtube-premium.user411@luxaccount.vn,LuxPassmev44e,HSD: 30 ngay - YouTube Premium Account #411
youtube-premium.user412@luxaccount.vn,LuxPassnpy0l,HSD: 30 ngay - YouTube Premium Account #412
youtube-premium.user413@luxaccount.vn,LuxPassp97qdc,HSD: 30 ngay - YouTube Premium Account #413
youtube-premium.user414@luxaccount.vn,LuxPass6kkddq,HSD: 30 ngay - YouTube Premium Account #414
youtube-premium.user415@luxaccount.vn,LuxPassv0hu19,HSD: 30 ngay - YouTube Premium Account #415
youtube-premium.user416@luxaccount.vn,LuxPasswqnli,HSD: 30 ngay - YouTube Premium Account #416
youtube-premium.user417@luxaccount.vn,LuxPassta7jha,HSD: 30 ngay - YouTube Premium Account #417
youtube-premium.user418@luxaccount.vn,LuxPassikuyfq,HSD: 30 ngay - YouTube Premium Account #418
youtube-premium.user419@luxaccount.vn,LuxPassq3srxd,HSD: 30 ngay - YouTube Premium Account #419
youtube-premium.user420@luxaccount.vn,LuxPassdni0co,HSD: 30 ngay - YouTube Premium Account #420
youtube-premium.user421@luxaccount.vn,LuxPassbetsl8,HSD: 30 ngay - YouTube Premium Account #421
youtube-premium.user422@luxaccount.vn,LuxPassy3x9d,HSD: 30 ngay - YouTube Premium Account #422
youtube-premium.user423@luxaccount.vn,LuxPasswp0njk,HSD: 30 ngay - YouTube Premium Account #423
youtube-premium.user424@luxaccount.vn,LuxPassfr8oly,HSD: 30 ngay - YouTube Premium Account #424
youtube-premium.user425@luxaccount.vn,LuxPassq1kj5,HSD: 30 ngay - YouTube Premium Account #425
youtube-premium.user426@luxaccount.vn,LuxPasswrq44e,HSD: 30 ngay - YouTube Premium Account #426
youtube-premium.user427@luxaccount.vn,LuxPass85j7wu,HSD: 30 ngay - YouTube Premium Account #427
youtube-premium.user428@luxaccount.vn,LuxPassdpf06a,HSD: 30 ngay - YouTube Premium Account #428
youtube-premium.user429@luxaccount.vn,LuxPass9rqhrl,HSD: 30 ngay - YouTube Premium Account #429
youtube-premium.user430@luxaccount.vn,LuxPasslbcbjl,HSD: 30 ngay - YouTube Premium Account #430
youtube-premium.user431@luxaccount.vn,LuxPassart9pv,HSD: 30 ngay - YouTube Premium Account #431
youtube-premium.user432@luxaccount.vn,LuxPassj2vjw,HSD: 30 ngay - YouTube Premium Account #432
youtube-premium.user433@luxaccount.vn,LuxPassntxmle,HSD: 30 ngay - YouTube Premium Account #433
youtube-premium.user434@luxaccount.vn,LuxPass0oiq28,HSD: 30 ngay - YouTube Premium Account #434
youtube-premium.user435@luxaccount.vn,LuxPassgfkc2,HSD: 30 ngay - YouTube Premium Account #435
youtube-premium.user436@luxaccount.vn,LuxPasslrpyte,HSD: 30 ngay - YouTube Premium Account #436
youtube-premium.user437@luxaccount.vn,LuxPass0bm3g,HSD: 30 ngay - YouTube Premium Account #437
youtube-premium.user438@luxaccount.vn,LuxPasstviqel,HSD: 30 ngay - YouTube Premium Account #438
youtube-premium.user439@luxaccount.vn,LuxPass6eb2hq,HSD: 30 ngay - YouTube Premium Account #439
youtube-premium.user440@luxaccount.vn,LuxPassinugmv,HSD: 30 ngay - YouTube Premium Account #440
youtube-premium.user441@luxaccount.vn,LuxPass9lymo,HSD: 30 ngay - YouTube Premium Account #441
youtube-premium.user442@luxaccount.vn,LuxPassz2xa9f,HSD: 30 ngay - YouTube Premium Account #442
youtube-premium.user443@luxaccount.vn,LuxPassqrjk3,HSD: 30 ngay - YouTube Premium Account #443
youtube-premium.user444@luxaccount.vn,LuxPassz0ia1f,HSD: 30 ngay - YouTube Premium Account #444
youtube-premium.user445@luxaccount.vn,LuxPass2xjf77,HSD: 30 ngay - YouTube Premium Account #445
youtube-premium.user446@luxaccount.vn,LuxPassixcxkm,HSD: 30 ngay - YouTube Premium Account #446
youtube-premium.user447@luxaccount.vn,LuxPassnc7kx,HSD: 30 ngay - YouTube Premium Account #447
youtube-premium.user448@luxaccount.vn,LuxPasscrxha,HSD: 30 ngay - YouTube Premium Account #448
youtube-premium.user449@luxaccount.vn,LuxPass3w6g14,HSD: 30 ngay - YouTube Premium Account #449
youtube-premium.user450@luxaccount.vn,LuxPassl0kb3,HSD: 30 ngay - YouTube Premium Account #450
youtube-premium.user451@luxaccount.vn,LuxPassm0ts,HSD: 30 ngay - YouTube Premium Account #451
youtube-premium.user452@luxaccount.vn,LuxPassdn8dbn,HSD: 30 ngay - YouTube Premium Account #452
youtube-premium.user453@luxaccount.vn,LuxPassutlqlk,HSD: 30 ngay - YouTube Premium Account #453
youtube-premium.user454@luxaccount.vn,LuxPassjgnblq,HSD: 30 ngay - YouTube Premium Account #454
youtube-premium.user455@luxaccount.vn,LuxPasssrba56,HSD: 30 ngay - YouTube Premium Account #455
youtube-premium.user456@luxaccount.vn,LuxPass3gqz78,HSD: 30 ngay - YouTube Premium Account #456
youtube-premium.user457@luxaccount.vn,LuxPass74sitx,HSD: 30 ngay - YouTube Premium Account #457
youtube-premium.user458@luxaccount.vn,LuxPassfz6syd,HSD: 30 ngay - YouTube Premium Account #458
youtube-premium.user459@luxaccount.vn,LuxPassdk1uhm,HSD: 30 ngay - YouTube Premium Account #459
youtube-premium.user460@luxaccount.vn,LuxPassvrmte4,HSD: 30 ngay - YouTube Premium Account #460
youtube-premium.user461@luxaccount.vn,LuxPass9yr42x,HSD: 30 ngay - YouTube Premium Account #461
youtube-premium.user462@luxaccount.vn,LuxPass8koilo,HSD: 30 ngay - YouTube Premium Account #462
youtube-premium.user463@luxaccount.vn,LuxPassb23h4v,HSD: 30 ngay - YouTube Premium Account #463
youtube-premium.user464@luxaccount.vn,LuxPassybvms,HSD: 30 ngay - YouTube Premium Account #464
youtube-premium.user465@luxaccount.vn,LuxPassswq74,HSD: 30 ngay - YouTube Premium Account #465
youtube-premium.user466@luxaccount.vn,LuxPassz07eo9,HSD: 30 ngay - YouTube Premium Account #466
youtube-premium.user467@luxaccount.vn,LuxPassjafvr,HSD: 30 ngay - YouTube Premium Account #467
youtube-premium.user468@luxaccount.vn,LuxPass33jq1d,HSD: 30 ngay - YouTube Premium Account #468
youtube-premium.user469@luxaccount.vn,LuxPass2wmiga,HSD: 30 ngay - YouTube Premium Account #469
youtube-premium.user470@luxaccount.vn,LuxPasscez8i9,HSD: 30 ngay - YouTube Premium Account #470
youtube-premium.user471@luxaccount.vn,LuxPasszy4g9,HSD: 30 ngay - YouTube Premium Account #471
youtube-premium.user472@luxaccount.vn,LuxPassd1qs6v,HSD: 30 ngay - YouTube Premium Account #472
youtube-premium.user473@luxaccount.vn,LuxPass3hiss,HSD: 30 ngay - YouTube Premium Account #473
youtube-premium.user474@luxaccount.vn,LuxPassbjfllh,HSD: 30 ngay - YouTube Premium Account #474
youtube-premium.user475@luxaccount.vn,LuxPassgtmqog,HSD: 30 ngay - YouTube Premium Account #475
youtube-premium.user476@luxaccount.vn,LuxPasss75h5r,HSD: 30 ngay - YouTube Premium Account #476
youtube-premium.user477@luxaccount.vn,LuxPassome6do,HSD: 30 ngay - YouTube Premium Account #477
youtube-premium.user478@luxaccount.vn,LuxPassfhbniu,HSD: 30 ngay - YouTube Premium Account #478
youtube-premium.user479@luxaccount.vn,LuxPassvol2ar,HSD: 30 ngay - YouTube Premium Account #479
youtube-premium.user480@luxaccount.vn,LuxPasszzukoh,HSD: 30 ngay - YouTube Premium Account #480
youtube-premium.user481@luxaccount.vn,LuxPasss9hwo,HSD: 30 ngay - YouTube Premium Account #481
youtube-premium.user482@luxaccount.vn,LuxPassknngu,HSD: 30 ngay - YouTube Premium Account #482
youtube-premium.user483@luxaccount.vn,LuxPass8l08vf,HSD: 30 ngay - YouTube Premium Account #483
youtube-premium.user484@luxaccount.vn,LuxPass8w6l8c,HSD: 30 ngay - YouTube Premium Account #484
youtube-premium.user485@luxaccount.vn,LuxPassrbi2lin,HSD: 30 ngay - YouTube Premium Account #485
youtube-premium.user486@luxaccount.vn,LuxPasszx4nu,HSD: 30 ngay - YouTube Premium Account #486
youtube-premium.user487@luxaccount.vn,LuxPassywu22jr,HSD: 30 ngay - YouTube Premium Account #487
youtube-premium.user488@luxaccount.vn,LuxPass29a9x,HSD: 30 ngay - YouTube Premium Account #488
youtube-premium.user489@luxaccount.vn,LuxPass9r69s,HSD: 30 ngay - YouTube Premium Account #489
youtube-premium.user490@luxaccount.vn,LuxPass0ezgq8,HSD: 30 ngay - YouTube Premium Account #490
youtube-premium.user491@luxaccount.vn,LuxPassmkur79,HSD: 30 ngay - YouTube Premium Account #491
youtube-premium.user492@luxaccount.vn,LuxPassv3ah8,HSD: 30 ngay - YouTube Premium Account #492
youtube-premium.user493@luxaccount.vn,LuxPass21soai,HSD: 30 ngay - YouTube Premium Account #493
youtube-premium.user494@luxaccount.vn,LuxPass458di,HSD: 30 ngay - YouTube Premium Account #494
youtube-premium.user495@luxaccount.vn,LuxPassm5zsyd,HSD: 30 ngay - YouTube Premium Account #495
youtube-premium.user496@luxaccount.vn,LuxPassysv3gd,HSD: 30 ngay - YouTube Premium Account #496
youtube-premium.user497@luxaccount.vn,LuxPassro7fss,HSD: 30 ngay - YouTube Premium Account #497
youtube-premium.user498@luxaccount.vn,LuxPassejugp3,HSD: 30 ngay - YouTube Premium Account #498
youtube-premium.user499@luxaccount.vn,LuxPassrojfvh,HSD: 30 ngay - YouTube Premium Account #499
youtube-premium.user500@luxaccount.vn,LuxPassuc2pdo,HSD: 30 ngay - YouTube Premium Account #500
youtube-premium.user501@luxaccount.vn,LuxPass6v0xp3,HSD: 30 ngay - YouTube Premium Account #501
youtube-premium.user502@luxaccount.vn,LuxPassst03v,HSD: 30 ngay - YouTube Premium Account #502
youtube-premium.user503@luxaccount.vn,LuxPassighgg9,HSD: 30 ngay - YouTube Premium Account #503
youtube-premium.user504@luxaccount.vn,LuxPassgj7xlx,HSD: 30 ngay - YouTube Premium Account #504
youtube-premium.user505@luxaccount.vn,LuxPasslggo3h,HSD: 30 ngay - YouTube Premium Account #505
youtube-premium.user506@luxaccount.vn,LuxPasscg3e1q,HSD: 30 ngay - YouTube Premium Account #506
youtube-premium.user507@luxaccount.vn,LuxPassevz6z5,HSD: 30 ngay - YouTube Premium Account #507
youtube-premium.user508@luxaccount.vn,LuxPasszzzn0p,HSD: 30 ngay - YouTube Premium Account #508
youtube-premium.user509@luxaccount.vn,LuxPassewqrnp,HSD: 30 ngay - YouTube Premium Account #509
youtube-premium.user510@luxaccount.vn,LuxPassyctk0x,HSD: 30 ngay - YouTube Premium Account #510
youtube-premium.user511@luxaccount.vn,LuxPasslc3a,HSD: 30 ngay - YouTube Premium Account #511
youtube-premium.user512@luxaccount.vn,LuxPassc82nco,HSD: 30 ngay - YouTube Premium Account #512
youtube-premium.user513@luxaccount.vn,LuxPassib0ki,HSD: 30 ngay - YouTube Premium Account #513
youtube-premium.user514@luxaccount.vn,LuxPassbshos2,HSD: 30 ngay - YouTube Premium Account #514
youtube-premium.user515@luxaccount.vn,LuxPassgfq0wy,HSD: 30 ngay - YouTube Premium Account #515
youtube-premium.user516@luxaccount.vn,LuxPass9493xm,HSD: 30 ngay - YouTube Premium Account #516
youtube-premium.user517@luxaccount.vn,LuxPassd5eahq,HSD: 30 ngay - YouTube Premium Account #517
youtube-premium.user518@luxaccount.vn,LuxPassvgvsta,HSD: 30 ngay - YouTube Premium Account #518
youtube-premium.user519@luxaccount.vn,LuxPassp5blbw,HSD: 30 ngay - YouTube Premium Account #519
youtube-premium.user520@luxaccount.vn,LuxPassm7wzh8,HSD: 30 ngay - YouTube Premium Account #520
youtube-premium.user521@luxaccount.vn,LuxPassl32pf,HSD: 30 ngay - YouTube Premium Account #521
youtube-premium.user522@luxaccount.vn,LuxPasshjpuei,HSD: 30 ngay - YouTube Premium Account #522
youtube-premium.user523@luxaccount.vn,LuxPassze6b8,HSD: 30 ngay - YouTube Premium Account #523
youtube-premium.user524@luxaccount.vn,LuxPassnrc3j,HSD: 30 ngay - YouTube Premium Account #524
youtube-premium.user525@luxaccount.vn,LuxPassx80qrc,HSD: 30 ngay - YouTube Premium Account #525
youtube-premium.user526@luxaccount.vn,LuxPass0kl41o,HSD: 30 ngay - YouTube Premium Account #526
youtube-premium.user527@luxaccount.vn,LuxPass66gaxu,HSD: 30 ngay - YouTube Premium Account #527
youtube-premium.user528@luxaccount.vn,LuxPasspyddt,HSD: 30 ngay - YouTube Premium Account #528
youtube-premium.user529@luxaccount.vn,LuxPassn4meop,HSD: 30 ngay - YouTube Premium Account #529
youtube-premium.user530@luxaccount.vn,LuxPassoepeb,HSD: 30 ngay - YouTube Premium Account #530
youtube-premium.user531@luxaccount.vn,LuxPass3xnnak,HSD: 30 ngay - YouTube Premium Account #531
youtube-premium.user532@luxaccount.vn,LuxPasslji3b,HSD: 30 ngay - YouTube Premium Account #532
youtube-premium.user533@luxaccount.vn,LuxPasspanro,HSD: 30 ngay - YouTube Premium Account #533
youtube-premium.user534@luxaccount.vn,LuxPassa06p6h,HSD: 30 ngay - YouTube Premium Account #534
youtube-premium.user535@luxaccount.vn,LuxPass54j9p,HSD: 30 ngay - YouTube Premium Account #535
youtube-premium.user536@luxaccount.vn,LuxPassxoffos,HSD: 30 ngay - YouTube Premium Account #536
youtube-premium.user537@luxaccount.vn,LuxPassu29wz6,HSD: 30 ngay - YouTube Premium Account #537
youtube-premium.user538@luxaccount.vn,LuxPass1se7q,HSD: 30 ngay - YouTube Premium Account #538
youtube-premium.user539@luxaccount.vn,LuxPass1lhodi,HSD: 30 ngay - YouTube Premium Account #539
youtube-premium.user540@luxaccount.vn,LuxPass4hh3kd,HSD: 30 ngay - YouTube Premium Account #540
youtube-premium.user541@luxaccount.vn,LuxPassx6ocwo,HSD: 30 ngay - YouTube Premium Account #541
youtube-premium.user542@luxaccount.vn,LuxPasst0ecin,HSD: 30 ngay - YouTube Premium Account #542
youtube-premium.user543@luxaccount.vn,LuxPass3wmp9m,HSD: 30 ngay - YouTube Premium Account #543
youtube-premium.user544@luxaccount.vn,LuxPassnu3x0p,HSD: 30 ngay - YouTube Premium Account #544
youtube-premium.user545@luxaccount.vn,LuxPassazeqld,HSD: 30 ngay - YouTube Premium Account #545
youtube-premium.user546@luxaccount.vn,LuxPasshtoxsv,HSD: 30 ngay - YouTube Premium Account #546
youtube-premium.user547@luxaccount.vn,LuxPasschjb0u,HSD: 30 ngay - YouTube Premium Account #547
youtube-premium.user548@luxaccount.vn,LuxPassf6c1sq,HSD: 30 ngay - YouTube Premium Account #548
youtube-premium.user549@luxaccount.vn,LuxPass7yndy5,HSD: 30 ngay - YouTube Premium Account #549
youtube-premium.user550@luxaccount.vn,LuxPass5dbmnd,HSD: 30 ngay - YouTube Premium Account #550
youtube-premium.user551@luxaccount.vn,LuxPassbtb14m,HSD: 30 ngay - YouTube Premium Account #551
youtube-premium.user552@luxaccount.vn,LuxPasstke5,HSD: 30 ngay - YouTube Premium Account #552
youtube-premium.user553@luxaccount.vn,LuxPasskf3ktt,HSD: 30 ngay - YouTube Premium Account #553
youtube-premium.user554@luxaccount.vn,LuxPassbq4n4k,HSD: 30 ngay - YouTube Premium Account #554
youtube-premium.user555@luxaccount.vn,LuxPassdk07ph,HSD: 30 ngay - YouTube Premium Account #555
youtube-premium.user556@luxaccount.vn,LuxPasse32in,HSD: 30 ngay - YouTube Premium Account #556
youtube-premium.user557@luxaccount.vn,LuxPassw3oxjv,HSD: 30 ngay - YouTube Premium Account #557
youtube-premium.user558@luxaccount.vn,LuxPassp9a3n,HSD: 30 ngay - YouTube Premium Account #558
youtube-premium.user559@luxaccount.vn,LuxPassj4la8,HSD: 30 ngay - YouTube Premium Account #559
youtube-premium.user560@luxaccount.vn,LuxPasskg0fr9,HSD: 30 ngay - YouTube Premium Account #560
youtube-premium.user561@luxaccount.vn,LuxPassxstab,HSD: 30 ngay - YouTube Premium Account #561
youtube-premium.user562@luxaccount.vn,LuxPasssb7wb,HSD: 30 ngay - YouTube Premium Account #562
youtube-premium.user563@luxaccount.vn,LuxPassckynis,HSD: 30 ngay - YouTube Premium Account #563
youtube-premium.user564@luxaccount.vn,LuxPassb6tyi,HSD: 30 ngay - YouTube Premium Account #564
youtube-premium.user565@luxaccount.vn,LuxPass5sora9,HSD: 30 ngay - YouTube Premium Account #565
youtube-premium.user566@luxaccount.vn,LuxPassm4bqow,HSD: 30 ngay - YouTube Premium Account #566
youtube-premium.user567@luxaccount.vn,LuxPassa2mdnf,HSD: 30 ngay - YouTube Premium Account #567
youtube-premium.user568@luxaccount.vn,LuxPassutrxs6,HSD: 30 ngay - YouTube Premium Account #568
youtube-premium.user569@luxaccount.vn,LuxPassg874z,HSD: 30 ngay - YouTube Premium Account #569
youtube-premium.user570@luxaccount.vn,LuxPassvmez8a,HSD: 30 ngay - YouTube Premium Account #570
youtube-premium.user571@luxaccount.vn,LuxPassvk1q7p,HSD: 30 ngay - YouTube Premium Account #571
youtube-premium.user572@luxaccount.vn,LuxPassm2pelm,HSD: 30 ngay - YouTube Premium Account #572
youtube-premium.user573@luxaccount.vn,LuxPass3a1izg,HSD: 30 ngay - YouTube Premium Account #573
youtube-premium.user574@luxaccount.vn,LuxPass1lflh,HSD: 30 ngay - YouTube Premium Account #574
youtube-premium.user575@luxaccount.vn,LuxPasscq7m7d,HSD: 30 ngay - YouTube Premium Account #575
youtube-premium.user576@luxaccount.vn,LuxPasswc6ip,HSD: 30 ngay - YouTube Premium Account #576
youtube-premium.user577@luxaccount.vn,LuxPasslps97q,HSD: 30 ngay - YouTube Premium Account #577
youtube-premium.user578@luxaccount.vn,LuxPassfjahc8,HSD: 30 ngay - YouTube Premium Account #578
youtube-premium.user579@luxaccount.vn,LuxPassicket,HSD: 30 ngay - YouTube Premium Account #579
youtube-premium.user580@luxaccount.vn,LuxPasss5117f,HSD: 30 ngay - YouTube Premium Account #580
youtube-premium.user581@luxaccount.vn,LuxPasseortq,HSD: 30 ngay - YouTube Premium Account #581
youtube-premium.user582@luxaccount.vn,LuxPassl1vdz9,HSD: 30 ngay - YouTube Premium Account #582
youtube-premium.user583@luxaccount.vn,LuxPass4872z,HSD: 30 ngay - YouTube Premium Account #583
youtube-premium.user584@luxaccount.vn,LuxPass4br5ec,HSD: 30 ngay - YouTube Premium Account #584
youtube-premium.user585@luxaccount.vn,LuxPass67pv5d,HSD: 30 ngay - YouTube Premium Account #585
youtube-premium.user586@luxaccount.vn,LuxPassx6wd8r,HSD: 30 ngay - YouTube Premium Account #586
youtube-premium.user587@luxaccount.vn,LuxPassnudzi,HSD: 30 ngay - YouTube Premium Account #587
youtube-premium.user588@luxaccount.vn,LuxPass8yqgmb,HSD: 30 ngay - YouTube Premium Account #588
youtube-premium.user589@luxaccount.vn,LuxPasstw05hd,HSD: 30 ngay - YouTube Premium Account #589
youtube-premium.user590@luxaccount.vn,LuxPass94y8fn,HSD: 30 ngay - YouTube Premium Account #590
youtube-premium.user591@luxaccount.vn,LuxPassn455pd,HSD: 30 ngay - YouTube Premium Account #591
youtube-premium.user592@luxaccount.vn,LuxPassycfkzj,HSD: 30 ngay - YouTube Premium Account #592
youtube-premium.user593@luxaccount.vn,LuxPassrw2f4n,HSD: 30 ngay - YouTube Premium Account #593
youtube-premium.user594@luxaccount.vn,LuxPassrxhwfz,HSD: 30 ngay - YouTube Premium Account #594
youtube-premium.user595@luxaccount.vn,LuxPassu9rgmt,HSD: 30 ngay - YouTube Premium Account #595
youtube-premium.user596@luxaccount.vn,LuxPasshoc7h,HSD: 30 ngay - YouTube Premium Account #596
youtube-premium.user597@luxaccount.vn,LuxPassj9ex,HSD: 30 ngay - YouTube Premium Account #597
youtube-premium.user598@luxaccount.vn,LuxPassdu13ko,HSD: 30 ngay - YouTube Premium Account #598
youtube-premium.user599@luxaccount.vn,LuxPassv11ped,HSD: 30 ngay - YouTube Premium Account #599
youtube-premium.user600@luxaccount.vn,LuxPasswwl9e,HSD: 30 ngay - YouTube Premium Account #600
youtube-premium.user601@luxaccount.vn,LuxPassc8pmkc,HSD: 30 ngay - YouTube Premium Account #601
youtube-premium.user602@luxaccount.vn,LuxPass9h9yjk,HSD: 30 ngay - YouTube Premium Account #602
youtube-premium.user603@luxaccount.vn,LuxPassndz36i,HSD: 30 ngay - YouTube Premium Account #603
youtube-premium.user604@luxaccount.vn,LuxPass3p0b4s,HSD: 30 ngay - YouTube Premium Account #604
youtube-premium.user605@luxaccount.vn,LuxPasspcthpk,HSD: 30 ngay - YouTube Premium Account #605
youtube-premium.user606@luxaccount.vn,LuxPassd474mw,HSD: 30 ngay - YouTube Premium Account #606
youtube-premium.user607@luxaccount.vn,LuxPassyr3z6g,HSD: 30 ngay - YouTube Premium Account #607
youtube-premium.user608@luxaccount.vn,LuxPasswxaczf,HSD: 30 ngay - YouTube Premium Account #608
youtube-premium.user609@luxaccount.vn,LuxPassdzcfi9,HSD: 30 ngay - YouTube Premium Account #609
youtube-premium.user610@luxaccount.vn,LuxPassrmrk3p,HSD: 30 ngay - YouTube Premium Account #610
youtube-premium.user611@luxaccount.vn,LuxPassq3vxwq,HSD: 30 ngay - YouTube Premium Account #611
youtube-premium.user612@luxaccount.vn,LuxPassia11ik,HSD: 30 ngay - YouTube Premium Account #612
youtube-premium.user613@luxaccount.vn,LuxPass6wkrt,HSD: 30 ngay - YouTube Premium Account #613
youtube-premium.user614@luxaccount.vn,LuxPassgl0d5d,HSD: 30 ngay - YouTube Premium Account #614
youtube-premium.user615@luxaccount.vn,LuxPass3hchu,HSD: 30 ngay - YouTube Premium Account #615
youtube-premium.user616@luxaccount.vn,LuxPassu6un5,HSD: 30 ngay - YouTube Premium Account #616
youtube-premium.user617@luxaccount.vn,LuxPassdqe3q8,HSD: 30 ngay - YouTube Premium Account #617
youtube-premium.user618@luxaccount.vn,LuxPassc6pgsk,HSD: 30 ngay - YouTube Premium Account #618
youtube-premium.user619@luxaccount.vn,LuxPasslrsd5gl,HSD: 30 ngay - YouTube Premium Account #619
youtube-premium.user620@luxaccount.vn,LuxPassctg17,HSD: 30 ngay - YouTube Premium Account #620
youtube-premium.user621@luxaccount.vn,LuxPassh3ere,HSD: 30 ngay - YouTube Premium Account #621
youtube-premium.user622@luxaccount.vn,LuxPasstt1srb,HSD: 30 ngay - YouTube Premium Account #622
youtube-premium.user623@luxaccount.vn,LuxPasshpvikm,HSD: 30 ngay - YouTube Premium Account #623
youtube-premium.user624@luxaccount.vn,LuxPass30amlv,HSD: 30 ngay - YouTube Premium Account #624
youtube-premium.user625@luxaccount.vn,LuxPassgg44jc,HSD: 30 ngay - YouTube Premium Account #625
youtube-premium.user626@luxaccount.vn,LuxPasssug7j9,HSD: 30 ngay - YouTube Premium Account #626
youtube-premium.user627@luxaccount.vn,LuxPassmmetxg,HSD: 30 ngay - YouTube Premium Account #627
youtube-premium.user628@luxaccount.vn,LuxPassojcq7e,HSD: 30 ngay - YouTube Premium Account #628
youtube-premium.user629@luxaccount.vn,LuxPasspfxu3,HSD: 30 ngay - YouTube Premium Account #629
youtube-premium.user630@luxaccount.vn,LuxPassjdyy,HSD: 30 ngay - YouTube Premium Account #630
youtube-premium.user631@luxaccount.vn,LuxPasscckb5,HSD: 30 ngay - YouTube Premium Account #631
youtube-premium.user632@luxaccount.vn,LuxPasshax1d,HSD: 30 ngay - YouTube Premium Account #632
youtube-premium.user633@luxaccount.vn,LuxPassk0ihmq,HSD: 30 ngay - YouTube Premium Account #633
youtube-premium.user634@luxaccount.vn,LuxPass1iqtd9,HSD: 30 ngay - YouTube Premium Account #634
youtube-premium.user635@luxaccount.vn,LuxPass3gahcj,HSD: 30 ngay - YouTube Premium Account #635
youtube-premium.user636@luxaccount.vn,LuxPassg88418,HSD: 30 ngay - YouTube Premium Account #636
youtube-premium.user637@luxaccount.vn,LuxPassvk9w5,HSD: 30 ngay - YouTube Premium Account #637
youtube-premium.user638@luxaccount.vn,LuxPasszsh4o5,HSD: 30 ngay - YouTube Premium Account #638
youtube-premium.user639@luxaccount.vn,LuxPassfwx2z2,HSD: 30 ngay - YouTube Premium Account #639
youtube-premium.user640@luxaccount.vn,LuxPassudqjc5,HSD: 30 ngay - YouTube Premium Account #640
youtube-premium.user641@luxaccount.vn,LuxPasscfyub7,HSD: 30 ngay - YouTube Premium Account #641
youtube-premium.user642@luxaccount.vn,LuxPassqxu24m,HSD: 30 ngay - YouTube Premium Account #642
youtube-premium.user643@luxaccount.vn,LuxPassmykznf,HSD: 30 ngay - YouTube Premium Account #643
youtube-premium.user644@luxaccount.vn,LuxPassoxv2j8,HSD: 30 ngay - YouTube Premium Account #644
youtube-premium.user645@luxaccount.vn,LuxPasssl56n,HSD: 30 ngay - YouTube Premium Account #645
youtube-premium.user646@luxaccount.vn,LuxPassk2d5i,HSD: 30 ngay - YouTube Premium Account #646
youtube-premium.user647@luxaccount.vn,LuxPassvt81im,HSD: 30 ngay - YouTube Premium Account #647
youtube-premium.user648@luxaccount.vn,LuxPasshh6li,HSD: 30 ngay - YouTube Premium Account #648
youtube-premium.user649@luxaccount.vn,LuxPasspwooy6,HSD: 30 ngay - YouTube Premium Account #649
youtube-premium.user650@luxaccount.vn,LuxPasspac0gwo,HSD: 30 ngay - YouTube Premium Account #650
youtube-premium.user651@luxaccount.vn,LuxPasshy25mm9,HSD: 30 ngay - YouTube Premium Account #651
youtube-premium.user652@luxaccount.vn,LuxPass027fgx,HSD: 30 ngay - YouTube Premium Account #652
youtube-premium.user653@luxaccount.vn,LuxPassltg159,HSD: 30 ngay - YouTube Premium Account #653
youtube-premium.user654@luxaccount.vn,LuxPassrb3uz,HSD: 30 ngay - YouTube Premium Account #654
youtube-premium.user655@luxaccount.vn,LuxPassubpl9,HSD: 30 ngay - YouTube Premium Account #655
youtube-premium.user656@luxaccount.vn,LuxPassmsymp6,HSD: 30 ngay - YouTube Premium Account #656
youtube-premium.user657@luxaccount.vn,LuxPassbugbgo,HSD: 30 ngay - YouTube Premium Account #657
youtube-premium.user658@luxaccount.vn,LuxPassqvr5e8,HSD: 30 ngay - YouTube Premium Account #658
youtube-premium.user659@luxaccount.vn,LuxPassy3t58p,HSD: 30 ngay - YouTube Premium Account #659
youtube-premium.user660@luxaccount.vn,LuxPass5qt74e,HSD: 30 ngay - YouTube Premium Account #660
youtube-premium.user661@luxaccount.vn,LuxPasse6bcnr,HSD: 30 ngay - YouTube Premium Account #661
youtube-premium.user662@luxaccount.vn,LuxPass5w352,HSD: 30 ngay - YouTube Premium Account #662
youtube-premium.user663@luxaccount.vn,LuxPassf6kq5,HSD: 30 ngay - YouTube Premium Account #663
youtube-premium.user664@luxaccount.vn,LuxPass9olbee,HSD: 30 ngay - YouTube Premium Account #664
youtube-premium.user665@luxaccount.vn,LuxPasshbc46q,HSD: 30 ngay - YouTube Premium Account #665
youtube-premium.user666@luxaccount.vn,LuxPass3yw7s,HSD: 30 ngay - YouTube Premium Account #666
youtube-premium.user667@luxaccount.vn,LuxPass4trh3c,HSD: 30 ngay - YouTube Premium Account #667
youtube-premium.user668@luxaccount.vn,LuxPass6p4xqi,HSD: 30 ngay - YouTube Premium Account #668
youtube-premium.user669@luxaccount.vn,LuxPassefio7,HSD: 30 ngay - YouTube Premium Account #669
youtube-premium.user670@luxaccount.vn,LuxPass0rlums,HSD: 30 ngay - YouTube Premium Account #670
youtube-premium.user671@luxaccount.vn,LuxPassjf0sch,HSD: 30 ngay - YouTube Premium Account #671
youtube-premium.user672@luxaccount.vn,LuxPassxnt8uq,HSD: 30 ngay - YouTube Premium Account #672
youtube-premium.user673@luxaccount.vn,LuxPassy6pmmg,HSD: 30 ngay - YouTube Premium Account #673
youtube-premium.user674@luxaccount.vn,LuxPass3pxaxe,HSD: 30 ngay - YouTube Premium Account #674
youtube-premium.user675@luxaccount.vn,LuxPasscc9gs,HSD: 30 ngay - YouTube Premium Account #675
youtube-premium.user676@luxaccount.vn,LuxPass7jo0q4,HSD: 30 ngay - YouTube Premium Account #676
youtube-premium.user677@luxaccount.vn,LuxPassm4osx,HSD: 30 ngay - YouTube Premium Account #677
youtube-premium.user678@luxaccount.vn,LuxPasseyaxra,HSD: 30 ngay - YouTube Premium Account #678
youtube-premium.user679@luxaccount.vn,LuxPass9cfyge,HSD: 30 ngay - YouTube Premium Account #679
youtube-premium.user680@luxaccount.vn,LuxPassdfxawq,HSD: 30 ngay - YouTube Premium Account #680
youtube-premium.user681@luxaccount.vn,LuxPassa4tm6q,HSD: 30 ngay - YouTube Premium Account #681
youtube-premium.user682@luxaccount.vn,LuxPassp132ff,HSD: 30 ngay - YouTube Premium Account #682
youtube-premium.user683@luxaccount.vn,LuxPassciromd,HSD: 30 ngay - YouTube Premium Account #683
youtube-premium.user684@luxaccount.vn,LuxPasswx60p8,HSD: 30 ngay - YouTube Premium Account #684
youtube-premium.user685@luxaccount.vn,LuxPass41lzem,HSD: 30 ngay - YouTube Premium Account #685
youtube-premium.user686@luxaccount.vn,LuxPass5ylpv9,HSD: 30 ngay - YouTube Premium Account #686
youtube-premium.user687@luxaccount.vn,LuxPassbhtq9h,HSD: 30 ngay - YouTube Premium Account #687
youtube-premium.user688@luxaccount.vn,LuxPasspo0c1u,HSD: 30 ngay - YouTube Premium Account #688
youtube-premium.user689@luxaccount.vn,LuxPass769t9m,HSD: 30 ngay - YouTube Premium Account #689
youtube-premium.user690@luxaccount.vn,LuxPassuf7429,HSD: 30 ngay - YouTube Premium Account #690
youtube-premium.user691@luxaccount.vn,LuxPassy1vqic,HSD: 30 ngay - YouTube Premium Account #691
youtube-premium.user692@luxaccount.vn,LuxPass1bx3yq,HSD: 30 ngay - YouTube Premium Account #692
youtube-premium.user693@luxaccount.vn,LuxPassn97ic4,HSD: 30 ngay - YouTube Premium Account #693
youtube-premium.user694@luxaccount.vn,LuxPass19qhrb,HSD: 30 ngay - YouTube Premium Account #694
youtube-premium.user695@luxaccount.vn,LuxPasswngd4d,HSD: 30 ngay - YouTube Premium Account #695
youtube-premium.user696@luxaccount.vn,LuxPass3hwq7,HSD: 30 ngay - YouTube Premium Account #696
youtube-premium.user697@luxaccount.vn,LuxPasssiq6pr,HSD: 30 ngay - YouTube Premium Account #697
youtube-premium.user698@luxaccount.vn,LuxPasswyy7wq,HSD: 30 ngay - YouTube Premium Account #698
youtube-premium.user699@luxaccount.vn,LuxPassxb51nc,HSD: 30 ngay - YouTube Premium Account #699
youtube-premium.user700@luxaccount.vn,LuxPass3igdtq,HSD: 30 ngay - YouTube Premium Account #700
youtube-premium.user701@luxaccount.vn,LuxPass4d4o6h,HSD: 30 ngay - YouTube Premium Account #701
youtube-premium.user702@luxaccount.vn,LuxPassq74pvm,HSD: 30 ngay - YouTube Premium Account #702
youtube-premium.user703@luxaccount.vn,LuxPassn89sia,HSD: 30 ngay - YouTube Premium Account #703
youtube-premium.user704@luxaccount.vn,LuxPasskfkzu,HSD: 30 ngay - YouTube Premium Account #704
youtube-premium.user705@luxaccount.vn,LuxPassk6x9yf,HSD: 30 ngay - YouTube Premium Account #705
youtube-premium.user706@luxaccount.vn,LuxPasst683ag,HSD: 30 ngay - YouTube Premium Account #706
youtube-premium.user707@luxaccount.vn,LuxPass08igu,HSD: 30 ngay - YouTube Premium Account #707
youtube-premium.user708@luxaccount.vn,LuxPassxx6s8f,HSD: 30 ngay - YouTube Premium Account #708
youtube-premium.user709@luxaccount.vn,LuxPassr7atr,HSD: 30 ngay - YouTube Premium Account #709
youtube-premium.user710@luxaccount.vn,LuxPass30lzw2,HSD: 30 ngay - YouTube Premium Account #710
youtube-premium.user711@luxaccount.vn,LuxPassr3oc64,HSD: 30 ngay - YouTube Premium Account #711
youtube-premium.user712@luxaccount.vn,LuxPass4ghk5u,HSD: 30 ngay - YouTube Premium Account #712
youtube-premium.user713@luxaccount.vn,LuxPasshrod3,HSD: 30 ngay - YouTube Premium Account #713
youtube-premium.user714@luxaccount.vn,LuxPass83jzbk,HSD: 30 ngay - YouTube Premium Account #714
youtube-premium.user715@luxaccount.vn,LuxPasswrhrz5,HSD: 30 ngay - YouTube Premium Account #715
youtube-premium.user716@luxaccount.vn,LuxPassabtgkd,HSD: 30 ngay - YouTube Premium Account #716
youtube-premium.user717@luxaccount.vn,LuxPasszy06ts,HSD: 30 ngay - YouTube Premium Account #717
youtube-premium.user718@luxaccount.vn,LuxPasshvqbgq,HSD: 30 ngay - YouTube Premium Account #718
youtube-premium.user719@luxaccount.vn,LuxPassvhrazj,HSD: 30 ngay - YouTube Premium Account #719
youtube-premium.user720@luxaccount.vn,LuxPass0lknad,HSD: 30 ngay - YouTube Premium Account #720
youtube-premium.user721@luxaccount.vn,LuxPassdq8fj8,HSD: 30 ngay - YouTube Premium Account #721
youtube-premium.user722@luxaccount.vn,LuxPassa0zuiq,HSD: 30 ngay - YouTube Premium Account #722
youtube-premium.user723@luxaccount.vn,LuxPassemi4l,HSD: 30 ngay - YouTube Premium Account #723
youtube-premium.user724@luxaccount.vn,LuxPass6912is,HSD: 30 ngay - YouTube Premium Account #724
youtube-premium.user725@luxaccount.vn,LuxPass4qbn49,HSD: 30 ngay - YouTube Premium Account #725
youtube-premium.user726@luxaccount.vn,LuxPassdqm1nf,HSD: 30 ngay - YouTube Premium Account #726
youtube-premium.user727@luxaccount.vn,LuxPasskt44tj,HSD: 30 ngay - YouTube Premium Account #727
youtube-premium.user728@luxaccount.vn,LuxPass9wxve,HSD: 30 ngay - YouTube Premium Account #728
youtube-premium.user729@luxaccount.vn,LuxPassqt0q29,HSD: 30 ngay - YouTube Premium Account #729
youtube-premium.user730@luxaccount.vn,LuxPass1319wn,HSD: 30 ngay - YouTube Premium Account #730
youtube-premium.user731@luxaccount.vn,LuxPassfb0z2j,HSD: 30 ngay - YouTube Premium Account #731
youtube-premium.user732@luxaccount.vn,LuxPassqzmobl,HSD: 30 ngay - YouTube Premium Account #732
youtube-premium.user733@luxaccount.vn,LuxPassl23qx9,HSD: 30 ngay - YouTube Premium Account #733
youtube-premium.user734@luxaccount.vn,LuxPassvtjy3,HSD: 30 ngay - YouTube Premium Account #734
youtube-premium.user735@luxaccount.vn,LuxPassyfuxhi,HSD: 30 ngay - YouTube Premium Account #735
youtube-premium.user736@luxaccount.vn,LuxPassc35lk,HSD: 30 ngay - YouTube Premium Account #736
youtube-premium.user737@luxaccount.vn,LuxPasso8aldgk,HSD: 30 ngay - YouTube Premium Account #737
youtube-premium.user738@luxaccount.vn,LuxPass3ilifm,HSD: 30 ngay - YouTube Premium Account #738
youtube-premium.user739@luxaccount.vn,LuxPassn1owh3,HSD: 30 ngay - YouTube Premium Account #739
youtube-premium.user740@luxaccount.vn,LuxPasst2ahwi,HSD: 30 ngay - YouTube Premium Account #740
youtube-premium.user741@luxaccount.vn,LuxPass0m56l,HSD: 30 ngay - YouTube Premium Account #741
youtube-premium.user742@luxaccount.vn,LuxPass5w2itb,HSD: 30 ngay - YouTube Premium Account #742
youtube-premium.user743@luxaccount.vn,LuxPass9zfpod,HSD: 30 ngay - YouTube Premium Account #743
youtube-premium.user744@luxaccount.vn,LuxPasso2yfa,HSD: 30 ngay - YouTube Premium Account #744
youtube-premium.user745@luxaccount.vn,LuxPasscnt7c7,HSD: 30 ngay - YouTube Premium Account #745
youtube-premium.user746@luxaccount.vn,LuxPassd2y4lt,HSD: 30 ngay - YouTube Premium Account #746
youtube-premium.user747@luxaccount.vn,LuxPassp4o2v,HSD: 30 ngay - YouTube Premium Account #747
youtube-premium.user748@luxaccount.vn,LuxPassh4jddh,HSD: 30 ngay - YouTube Premium Account #748
youtube-premium.user749@luxaccount.vn,LuxPassfjoijq,HSD: 30 ngay - YouTube Premium Account #749
youtube-premium.user750@luxaccount.vn,LuxPasszi5h1,HSD: 30 ngay - YouTube Premium Account #750
youtube-premium.user751@luxaccount.vn,LuxPassd4hle5,HSD: 30 ngay - YouTube Premium Account #751
youtube-premium.user752@luxaccount.vn,LuxPass34sb2,HSD: 30 ngay - YouTube Premium Account #752
youtube-premium.user753@luxaccount.vn,LuxPass3ckc5c,HSD: 30 ngay - YouTube Premium Account #753
youtube-premium.user754@luxaccount.vn,LuxPassc680kj,HSD: 30 ngay - YouTube Premium Account #754
youtube-premium.user755@luxaccount.vn,LuxPassh1gkzh,HSD: 30 ngay - YouTube Premium Account #755
youtube-premium.user756@luxaccount.vn,LuxPassngztyi,HSD: 30 ngay - YouTube Premium Account #756
youtube-premium.user757@luxaccount.vn,LuxPasst2rtr,HSD: 30 ngay - YouTube Premium Account #757
youtube-premium.user758@luxaccount.vn,LuxPasswameds,HSD: 30 ngay - YouTube Premium Account #758
youtube-premium.user759@luxaccount.vn,LuxPassedqhjd,HSD: 30 ngay - YouTube Premium Account #759
youtube-premium.user760@luxaccount.vn,LuxPassas69bc,HSD: 30 ngay - YouTube Premium Account #760
youtube-premium.user761@luxaccount.vn,LuxPassygwsgn,HSD: 30 ngay - YouTube Premium Account #761
youtube-premium.user762@luxaccount.vn,LuxPassr6mg8,HSD: 30 ngay - YouTube Premium Account #762
youtube-premium.user763@luxaccount.vn,LuxPassw6m5h7,HSD: 30 ngay - YouTube Premium Account #763
youtube-premium.user764@luxaccount.vn,LuxPasshch0j4,HSD: 30 ngay - YouTube Premium Account #764
youtube-premium.user765@luxaccount.vn,LuxPassfp2ra,HSD: 30 ngay - YouTube Premium Account #765
youtube-premium.user766@luxaccount.vn,LuxPass38bso,HSD: 30 ngay - YouTube Premium Account #766
youtube-premium.user767@luxaccount.vn,LuxPassqv7qw,HSD: 30 ngay - YouTube Premium Account #767
youtube-premium.user768@luxaccount.vn,LuxPass4wjjy,HSD: 30 ngay - YouTube Premium Account #768
youtube-premium.user769@luxaccount.vn,LuxPassamlg59,HSD: 30 ngay - YouTube Premium Account #769
youtube-premium.user770@luxaccount.vn,LuxPassqad14p,HSD: 30 ngay - YouTube Premium Account #770
youtube-premium.user771@luxaccount.vn,LuxPassqxvsro,HSD: 30 ngay - YouTube Premium Account #771
youtube-premium.user772@luxaccount.vn,LuxPassachkbo,HSD: 30 ngay - YouTube Premium Account #772
youtube-premium.user773@luxaccount.vn,LuxPasshmhya,HSD: 30 ngay - YouTube Premium Account #773
youtube-premium.user774@luxaccount.vn,LuxPassyphqz,HSD: 30 ngay - YouTube Premium Account #774
youtube-premium.user775@luxaccount.vn,LuxPassdexxvh,HSD: 30 ngay - YouTube Premium Account #775
youtube-premium.user776@luxaccount.vn,LuxPassj0wds9,HSD: 30 ngay - YouTube Premium Account #776
youtube-premium.user777@luxaccount.vn,LuxPassa02a0m,HSD: 30 ngay - YouTube Premium Account #777
youtube-premium.user778@luxaccount.vn,LuxPass6w8rur,HSD: 30 ngay - YouTube Premium Account #778
youtube-premium.user779@luxaccount.vn,LuxPassbfs5p6,HSD: 30 ngay - YouTube Premium Account #779
youtube-premium.user780@luxaccount.vn,LuxPass282jo,HSD: 30 ngay - YouTube Premium Account #780
youtube-premium.user781@luxaccount.vn,LuxPasse273zc,HSD: 30 ngay - YouTube Premium Account #781
youtube-premium.user782@luxaccount.vn,LuxPasso55au4,HSD: 30 ngay - YouTube Premium Account #782
youtube-premium.user783@luxaccount.vn,LuxPassfd0015,HSD: 30 ngay - YouTube Premium Account #783
youtube-premium.user784@luxaccount.vn,LuxPassi25ncj,HSD: 30 ngay - YouTube Premium Account #784
youtube-premium.user785@luxaccount.vn,LuxPassmtcro,HSD: 30 ngay - YouTube Premium Account #785
youtube-premium.user786@luxaccount.vn,LuxPass46x4gr,HSD: 30 ngay - YouTube Premium Account #786
youtube-premium.user787@luxaccount.vn,LuxPassags7cm,HSD: 30 ngay - YouTube Premium Account #787
youtube-premium.user788@luxaccount.vn,LuxPasse2jrl9,HSD: 30 ngay - YouTube Premium Account #788
youtube-premium.user789@luxaccount.vn,LuxPassnh0km,HSD: 30 ngay - YouTube Premium Account #789
youtube-premium.user790@luxaccount.vn,LuxPass564dfo,HSD: 30 ngay - YouTube Premium Account #790
youtube-premium.user791@luxaccount.vn,LuxPass30asb,HSD: 30 ngay - YouTube Premium Account #791
youtube-premium.user792@luxaccount.vn,LuxPassqen7c,HSD: 30 ngay - YouTube Premium Account #792
youtube-premium.user793@luxaccount.vn,LuxPass0xromn,HSD: 30 ngay - YouTube Premium Account #793
youtube-premium.user794@luxaccount.vn,LuxPassup4pqi,HSD: 30 ngay - YouTube Premium Account #794
youtube-premium.user795@luxaccount.vn,LuxPassecxcwi,HSD: 30 ngay - YouTube Premium Account #795
youtube-premium.user796@luxaccount.vn,LuxPassy53x,HSD: 30 ngay - YouTube Premium Account #796
youtube-premium.user797@luxaccount.vn,LuxPass2ifz7b,HSD: 30 ngay - YouTube Premium Account #797
youtube-premium.user798@luxaccount.vn,LuxPasspoho1,HSD: 30 ngay - YouTube Premium Account #798
youtube-premium.user799@luxaccount.vn,LuxPassjke8ct,HSD: 30 ngay - YouTube Premium Account #799
youtube-premium.user800@luxaccount.vn,LuxPassfwjap,HSD: 30 ngay - YouTube Premium Account #800
youtube-premium.user801@luxaccount.vn,LuxPassdqrwsh,HSD: 30 ngay - YouTube Premium Account #801
youtube-premium.user802@luxaccount.vn,LuxPassoj00x,HSD: 30 ngay - YouTube Premium Account #802
youtube-premium.user803@luxaccount.vn,LuxPassnjfrwh,HSD: 30 ngay - YouTube Premium Account #803
youtube-premium.user804@luxaccount.vn,LuxPasscb95bm,HSD: 30 ngay - YouTube Premium Account #804
youtube-premium.user805@luxaccount.vn,LuxPassyy2e5j,HSD: 30 ngay - YouTube Premium Account #805
youtube-premium.user806@luxaccount.vn,LuxPasskxpsii,HSD: 30 ngay - YouTube Premium Account #806
youtube-premium.user807@luxaccount.vn,LuxPassmuw3bu,HSD: 30 ngay - YouTube Premium Account #807
youtube-premium.user808@luxaccount.vn,LuxPass1ard5,HSD: 30 ngay - YouTube Premium Account #808
youtube-premium.user809@luxaccount.vn,LuxPass8n5jtj,HSD: 30 ngay - YouTube Premium Account #809
youtube-premium.user810@luxaccount.vn,LuxPasskymtnd,HSD: 30 ngay - YouTube Premium Account #810
youtube-premium.user811@luxaccount.vn,LuxPassomswb,HSD: 30 ngay - YouTube Premium Account #811
youtube-premium.user812@luxaccount.vn,LuxPassgalycw,HSD: 30 ngay - YouTube Premium Account #812
youtube-premium.user813@luxaccount.vn,LuxPass80edgh,HSD: 30 ngay - YouTube Premium Account #813
youtube-premium.user814@luxaccount.vn,LuxPassfzg1t9,HSD: 30 ngay - YouTube Premium Account #814
youtube-premium.user815@luxaccount.vn,LuxPass7mivq,HSD: 30 ngay - YouTube Premium Account #815
youtube-premium.user816@luxaccount.vn,LuxPass82e0ex,HSD: 30 ngay - YouTube Premium Account #816
youtube-premium.user817@luxaccount.vn,LuxPassg054rl,HSD: 30 ngay - YouTube Premium Account #817
youtube-premium.user818@luxaccount.vn,LuxPasse8m2n5,HSD: 30 ngay - YouTube Premium Account #818
youtube-premium.user819@luxaccount.vn,LuxPasswwj37,HSD: 30 ngay - YouTube Premium Account #819
youtube-premium.user820@luxaccount.vn,LuxPasslav1y,HSD: 30 ngay - YouTube Premium Account #820
youtube-premium.user821@luxaccount.vn,LuxPassyyxqs4,HSD: 30 ngay - YouTube Premium Account #821
youtube-premium.user822@luxaccount.vn,LuxPass6kbokn,HSD: 30 ngay - YouTube Premium Account #822
youtube-premium.user823@luxaccount.vn,LuxPasssqpnwo,HSD: 30 ngay - YouTube Premium Account #823
youtube-premium.user824@luxaccount.vn,LuxPassbc3kyi,HSD: 30 ngay - YouTube Premium Account #824
youtube-premium.user825@luxaccount.vn,LuxPass9znj3o,HSD: 30 ngay - YouTube Premium Account #825
youtube-premium.user826@luxaccount.vn,LuxPass799ela,HSD: 30 ngay - YouTube Premium Account #826
youtube-premium.user827@luxaccount.vn,LuxPassi8nz3k,HSD: 30 ngay - YouTube Premium Account #827
youtube-premium.user828@luxaccount.vn,LuxPassncon3p,HSD: 30 ngay - YouTube Premium Account #828
youtube-premium.user829@luxaccount.vn,LuxPass7pgpm,HSD: 30 ngay - YouTube Premium Account #829
youtube-premium.user830@luxaccount.vn,LuxPasswphdbb,HSD: 30 ngay - YouTube Premium Account #830
youtube-premium.user831@luxaccount.vn,LuxPass1eck9is,HSD: 30 ngay - YouTube Premium Account #831
youtube-premium.user832@luxaccount.vn,LuxPassewnzbs,HSD: 30 ngay - YouTube Premium Account #832
youtube-premium.user833@luxaccount.vn,LuxPassjb2u56,HSD: 30 ngay - YouTube Premium Account #833
youtube-premium.user834@luxaccount.vn,LuxPassokc6b9,HSD: 30 ngay - YouTube Premium Account #834
youtube-premium.user835@luxaccount.vn,LuxPass7siv6,HSD: 30 ngay - YouTube Premium Account #835
youtube-premium.user836@luxaccount.vn,LuxPassq6m3sq,HSD: 30 ngay - YouTube Premium Account #836
youtube-premium.user837@luxaccount.vn,LuxPass0tytcz,HSD: 30 ngay - YouTube Premium Account #837
youtube-premium.user838@luxaccount.vn,LuxPasspgtdjh,HSD: 30 ngay - YouTube Premium Account #838
youtube-premium.user839@luxaccount.vn,LuxPassfzse5b,HSD: 30 ngay - YouTube Premium Account #839
youtube-premium.user840@luxaccount.vn,LuxPass36yrj,HSD: 30 ngay - YouTube Premium Account #840
youtube-premium.user841@luxaccount.vn,LuxPassjjhh97,HSD: 30 ngay - YouTube Premium Account #841
youtube-premium.user842@luxaccount.vn,LuxPass74015r,HSD: 30 ngay - YouTube Premium Account #842
youtube-premium.user843@luxaccount.vn,LuxPasswa1cq,HSD: 30 ngay - YouTube Premium Account #843
youtube-premium.user844@luxaccount.vn,LuxPassh9iydf,HSD: 30 ngay - YouTube Premium Account #844
youtube-premium.user845@luxaccount.vn,LuxPassycpmzb,HSD: 30 ngay - YouTube Premium Account #845
youtube-premium.user846@luxaccount.vn,LuxPassrw0gy9,HSD: 30 ngay - YouTube Premium Account #846
youtube-premium.user847@luxaccount.vn,LuxPass7m3f2j,HSD: 30 ngay - YouTube Premium Account #847
youtube-premium.user848@luxaccount.vn,LuxPassubazwu,HSD: 30 ngay - YouTube Premium Account #848
youtube-premium.user849@luxaccount.vn,LuxPasspm7ioh,HSD: 30 ngay - YouTube Premium Account #849
youtube-premium.user850@luxaccount.vn,LuxPasscyr7o,HSD: 30 ngay - YouTube Premium Account #850
youtube-premium.user851@luxaccount.vn,LuxPass76nlq,HSD: 30 ngay - YouTube Premium Account #851
youtube-premium.user852@luxaccount.vn,LuxPassi4ypf,HSD: 30 ngay - YouTube Premium Account #852
youtube-premium.user853@luxaccount.vn,LuxPass4p9wbd,HSD: 30 ngay - YouTube Premium Account #853
youtube-premium.user854@luxaccount.vn,LuxPass2u4s23,HSD: 30 ngay - YouTube Premium Account #854
youtube-premium.user855@luxaccount.vn,LuxPasssbdc2,HSD: 30 ngay - YouTube Premium Account #855
youtube-premium.user856@luxaccount.vn,LuxPass11oy0g,HSD: 30 ngay - YouTube Premium Account #856
youtube-premium.user857@luxaccount.vn,LuxPass8p42p8,HSD: 30 ngay - YouTube Premium Account #857
youtube-premium.user858@luxaccount.vn,LuxPassodxw8,HSD: 30 ngay - YouTube Premium Account #858
youtube-premium.user859@luxaccount.vn,LuxPassewak3s,HSD: 30 ngay - YouTube Premium Account #859
youtube-premium.user860@luxaccount.vn,LuxPassbm58ir,HSD: 30 ngay - YouTube Premium Account #860
youtube-premium.user861@luxaccount.vn,LuxPassxitqi9,HSD: 30 ngay - YouTube Premium Account #861
youtube-premium.user862@luxaccount.vn,LuxPassxuuvwk,HSD: 30 ngay - YouTube Premium Account #862
youtube-premium.user863@luxaccount.vn,LuxPass0pad8u,HSD: 30 ngay - YouTube Premium Account #863
youtube-premium.user864@luxaccount.vn,LuxPass67gj0d,HSD: 30 ngay - YouTube Premium Account #864
youtube-premium.user865@luxaccount.vn,LuxPassw2v9eo,HSD: 30 ngay - YouTube Premium Account #865
youtube-premium.user866@luxaccount.vn,LuxPasswams7k,HSD: 30 ngay - YouTube Premium Account #866
youtube-premium.user867@luxaccount.vn,LuxPassom22u,HSD: 30 ngay - YouTube Premium Account #867
youtube-premium.user868@luxaccount.vn,LuxPasspb7qre,HSD: 30 ngay - YouTube Premium Account #868
youtube-premium.user869@luxaccount.vn,LuxPasstej3k,HSD: 30 ngay - YouTube Premium Account #869
youtube-premium.user870@luxaccount.vn,LuxPassjyxx7p,HSD: 30 ngay - YouTube Premium Account #870
youtube-premium.user871@luxaccount.vn,LuxPasscje22n,HSD: 30 ngay - YouTube Premium Account #871
youtube-premium.user872@luxaccount.vn,LuxPass6mjlqe,HSD: 30 ngay - YouTube Premium Account #872
youtube-premium.user873@luxaccount.vn,LuxPasssf8pds,HSD: 30 ngay - YouTube Premium Account #873
youtube-premium.user874@luxaccount.vn,LuxPassvzvzy,HSD: 30 ngay - YouTube Premium Account #874
youtube-premium.user875@luxaccount.vn,LuxPassh9s90i,HSD: 30 ngay - YouTube Premium Account #875
youtube-premium.user876@luxaccount.vn,LuxPasss6ftqc,HSD: 30 ngay - YouTube Premium Account #876
youtube-premium.user877@luxaccount.vn,LuxPass362i6c,HSD: 30 ngay - YouTube Premium Account #877
youtube-premium.user878@luxaccount.vn,LuxPassbezvbd,HSD: 30 ngay - YouTube Premium Account #878
youtube-premium.user879@luxaccount.vn,LuxPass16cpbc,HSD: 30 ngay - YouTube Premium Account #879
youtube-premium.user880@luxaccount.vn,LuxPassum96j,HSD: 30 ngay - YouTube Premium Account #880
youtube-premium.user881@luxaccount.vn,LuxPassesex0q,HSD: 30 ngay - YouTube Premium Account #881
youtube-premium.user882@luxaccount.vn,LuxPasscx51bm,HSD: 30 ngay - YouTube Premium Account #882
youtube-premium.user883@luxaccount.vn,LuxPass1i8jpu,HSD: 30 ngay - YouTube Premium Account #883
youtube-premium.user884@luxaccount.vn,LuxPassilmdad,HSD: 30 ngay - YouTube Premium Account #884
youtube-premium.user885@luxaccount.vn,LuxPassyf25of,HSD: 30 ngay - YouTube Premium Account #885
youtube-premium.user886@luxaccount.vn,LuxPasszeyaab,HSD: 30 ngay - YouTube Premium Account #886
youtube-premium.user887@luxaccount.vn,LuxPassh2jlqb,HSD: 30 ngay - YouTube Premium Account #887
youtube-premium.user888@luxaccount.vn,LuxPassixlx5,HSD: 30 ngay - YouTube Premium Account #888
youtube-premium.user889@luxaccount.vn,LuxPasswyl84f,HSD: 30 ngay - YouTube Premium Account #889
youtube-premium.user890@luxaccount.vn,LuxPass8xkjkb,HSD: 30 ngay - YouTube Premium Account #890
youtube-premium.user891@luxaccount.vn,LuxPassisurmp,HSD: 30 ngay - YouTube Premium Account #891
youtube-premium.user892@luxaccount.vn,LuxPass889k9j,HSD: 30 ngay - YouTube Premium Account #892
youtube-premium.user893@luxaccount.vn,LuxPassedemh,HSD: 30 ngay - YouTube Premium Account #893
youtube-premium.user894@luxaccount.vn,LuxPassugr987,HSD: 30 ngay - YouTube Premium Account #894
youtube-premium.user895@luxaccount.vn,LuxPasss1p49,HSD: 30 ngay - YouTube Premium Account #895
youtube-premium.user896@luxaccount.vn,LuxPasseffsak,HSD: 30 ngay - YouTube Premium Account #896
youtube-premium.user897@luxaccount.vn,LuxPassy93cmjp,HSD: 30 ngay - YouTube Premium Account #897
youtube-premium.user898@luxaccount.vn,LuxPassqb4kce,HSD: 30 ngay - YouTube Premium Account #898
youtube-premium.user899@luxaccount.vn,LuxPass1z7np5,HSD: 30 ngay - YouTube Premium Account #899
youtube-premium.user900@luxaccount.vn,LuxPassrqzn,HSD: 30 ngay - YouTube Premium Account #900
youtube-premium.user901@luxaccount.vn,LuxPassv58p5g,HSD: 30 ngay - YouTube Premium Account #901
youtube-premium.user902@luxaccount.vn,LuxPassywl5cn,HSD: 30 ngay - YouTube Premium Account #902
youtube-premium.user903@luxaccount.vn,LuxPassr3dp3a,HSD: 30 ngay - YouTube Premium Account #903
youtube-premium.user904@luxaccount.vn,LuxPassee4zun,HSD: 30 ngay - YouTube Premium Account #904
youtube-premium.user905@luxaccount.vn,LuxPassyykb2p,HSD: 30 ngay - YouTube Premium Account #905
youtube-premium.user906@luxaccount.vn,LuxPassws49b,HSD: 30 ngay - YouTube Premium Account #906
youtube-premium.user907@luxaccount.vn,LuxPasswzrem,HSD: 30 ngay - YouTube Premium Account #907
youtube-premium.user908@luxaccount.vn,LuxPass1om05t,HSD: 30 ngay - YouTube Premium Account #908
youtube-premium.user909@luxaccount.vn,LuxPass8mzb7h,HSD: 30 ngay - YouTube Premium Account #909
youtube-premium.user910@luxaccount.vn,LuxPasscv5a5,HSD: 30 ngay - YouTube Premium Account #910
youtube-premium.user911@luxaccount.vn,LuxPassrcr247,HSD: 30 ngay - YouTube Premium Account #911
youtube-premium.user912@luxaccount.vn,LuxPassr3gp1,HSD: 30 ngay - YouTube Premium Account #912
youtube-premium.user913@luxaccount.vn,LuxPassl3yv9,HSD: 30 ngay - YouTube Premium Account #913
youtube-premium.user914@luxaccount.vn,LuxPassw31sqr,HSD: 30 ngay - YouTube Premium Account #914
youtube-premium.user915@luxaccount.vn,LuxPass54pjd,HSD: 30 ngay - YouTube Premium Account #915
youtube-premium.user916@luxaccount.vn,LuxPassrmk1l,HSD: 30 ngay - YouTube Premium Account #916
youtube-premium.user917@luxaccount.vn,LuxPassk42ub,HSD: 30 ngay - YouTube Premium Account #917
youtube-premium.user918@luxaccount.vn,LuxPassma2ggt,HSD: 30 ngay - YouTube Premium Account #918
youtube-premium.user919@luxaccount.vn,LuxPassytg45i,HSD: 30 ngay - YouTube Premium Account #919
youtube-premium.user920@luxaccount.vn,LuxPassj6ko2,HSD: 30 ngay - YouTube Premium Account #920
youtube-premium.user921@luxaccount.vn,LuxPass2car3c,HSD: 30 ngay - YouTube Premium Account #921
youtube-premium.user922@luxaccount.vn,LuxPassx8mzmq,HSD: 30 ngay - YouTube Premium Account #922
youtube-premium.user923@luxaccount.vn,LuxPass1xq1jb,HSD: 30 ngay - YouTube Premium Account #923
youtube-premium.user924@luxaccount.vn,LuxPass9p60pc,HSD: 30 ngay - YouTube Premium Account #924
youtube-premium.user925@luxaccount.vn,LuxPassmwyrh,HSD: 30 ngay - YouTube Premium Account #925
youtube-premium.user926@luxaccount.vn,LuxPasszrgpmq,HSD: 30 ngay - YouTube Premium Account #926
youtube-premium.user927@luxaccount.vn,LuxPass5lpud8,HSD: 30 ngay - YouTube Premium Account #927
youtube-premium.user928@luxaccount.vn,LuxPass79160k,HSD: 30 ngay - YouTube Premium Account #928
youtube-premium.user929@luxaccount.vn,LuxPassl6cz2p,HSD: 30 ngay - YouTube Premium Account #929
youtube-premium.user930@luxaccount.vn,LuxPasstbra3,HSD: 30 ngay - YouTube Premium Account #930
youtube-premium.user931@luxaccount.vn,LuxPassanihu,HSD: 30 ngay - YouTube Premium Account #931
youtube-premium.user932@luxaccount.vn,LuxPassw6wuzj,HSD: 30 ngay - YouTube Premium Account #932
youtube-premium.user933@luxaccount.vn,LuxPasssxu6z,HSD: 30 ngay - YouTube Premium Account #933
youtube-premium.user934@luxaccount.vn,LuxPasshf5oag,HSD: 30 ngay - YouTube Premium Account #934
youtube-premium.user935@luxaccount.vn,LuxPassa1ihf,HSD: 30 ngay - YouTube Premium Account #935
youtube-premium.user936@luxaccount.vn,LuxPassqg104,HSD: 30 ngay - YouTube Premium Account #936
youtube-premium.user937@luxaccount.vn,LuxPassd5w4ns,HSD: 30 ngay - YouTube Premium Account #937
youtube-premium.user938@luxaccount.vn,LuxPassub9p7f,HSD: 30 ngay - YouTube Premium Account #938
youtube-premium.user939@luxaccount.vn,LuxPasszjrozc6,HSD: 30 ngay - YouTube Premium Account #939
youtube-premium.user940@luxaccount.vn,LuxPass3c55tb,HSD: 30 ngay - YouTube Premium Account #940
youtube-premium.user941@luxaccount.vn,LuxPassy2koh,HSD: 30 ngay - YouTube Premium Account #941
youtube-premium.user942@luxaccount.vn,LuxPasspo0y2h,HSD: 30 ngay - YouTube Premium Account #942
youtube-premium.user943@luxaccount.vn,LuxPassw0sxqn,HSD: 30 ngay - YouTube Premium Account #943
youtube-premium.user944@luxaccount.vn,LuxPass784wtj,HSD: 30 ngay - YouTube Premium Account #944
youtube-premium.user945@luxaccount.vn,LuxPassfgj3i9,HSD: 30 ngay - YouTube Premium Account #945
youtube-premium.user946@luxaccount.vn,LuxPasshcnas,HSD: 30 ngay - YouTube Premium Account #946
youtube-premium.user947@luxaccount.vn,LuxPass6wrnjwy,HSD: 30 ngay - YouTube Premium Account #947
youtube-premium.user948@luxaccount.vn,LuxPassce9mkm,HSD: 30 ngay - YouTube Premium Account #948
youtube-premium.user949@luxaccount.vn,LuxPasslhg2iw,HSD: 30 ngay - YouTube Premium Account #949
youtube-premium.user950@luxaccount.vn,LuxPass7kvv,HSD: 30 ngay - YouTube Premium Account #950
youtube-premium.user951@luxaccount.vn,LuxPassbwv2u,HSD: 30 ngay - YouTube Premium Account #951
youtube-premium.user952@luxaccount.vn,LuxPassnvydb,HSD: 30 ngay - YouTube Premium Account #952
youtube-premium.user953@luxaccount.vn,LuxPasslrpy3t,HSD: 30 ngay - YouTube Premium Account #953
youtube-premium.user954@luxaccount.vn,LuxPass4oi77t,HSD: 30 ngay - YouTube Premium Account #954
youtube-premium.user955@luxaccount.vn,LuxPassxluyu8,HSD: 30 ngay - YouTube Premium Account #955
youtube-premium.user956@luxaccount.vn,LuxPassppc7x,HSD: 30 ngay - YouTube Premium Account #956
youtube-premium.user957@luxaccount.vn,LuxPassjm935i,HSD: 30 ngay - YouTube Premium Account #957
youtube-premium.user958@luxaccount.vn,LuxPasseflzvi,HSD: 30 ngay - YouTube Premium Account #958
youtube-premium.user959@luxaccount.vn,LuxPasswe6ptt,HSD: 30 ngay - YouTube Premium Account #959
youtube-premium.user960@luxaccount.vn,LuxPassm923k,HSD: 30 ngay - YouTube Premium Account #960
youtube-premium.user961@luxaccount.vn,LuxPassk8zbok,HSD: 30 ngay - YouTube Premium Account #961
youtube-premium.user962@luxaccount.vn,LuxPassagppt4,HSD: 30 ngay - YouTube Premium Account #962
youtube-premium.user963@luxaccount.vn,LuxPassdyi33t,HSD: 30 ngay - YouTube Premium Account #963
youtube-premium.user964@luxaccount.vn,LuxPass9xow9o,HSD: 30 ngay - YouTube Premium Account #964
youtube-premium.user965@luxaccount.vn,LuxPassn0hmnh,HSD: 30 ngay - YouTube Premium Account #965
youtube-premium.user966@luxaccount.vn,LuxPassab1r2d,HSD: 30 ngay - YouTube Premium Account #966
youtube-premium.user967@luxaccount.vn,LuxPassb5lgb,HSD: 30 ngay - YouTube Premium Account #967
youtube-premium.user968@luxaccount.vn,LuxPass6jjrw9,HSD: 30 ngay - YouTube Premium Account #968
youtube-premium.user969@luxaccount.vn,LuxPassx805lg,HSD: 30 ngay - YouTube Premium Account #969
youtube-premium.user970@luxaccount.vn,LuxPass5edvv8,HSD: 30 ngay - YouTube Premium Account #970
youtube-premium.user971@luxaccount.vn,LuxPass7v6lax,HSD: 30 ngay - YouTube Premium Account #971
youtube-premium.user972@luxaccount.vn,LuxPassz21eodb,HSD: 30 ngay - YouTube Premium Account #972
youtube-premium.user973@luxaccount.vn,LuxPass5ydzj,HSD: 30 ngay - YouTube Premium Account #973
youtube-premium.user974@luxaccount.vn,LuxPasshe47bk,HSD: 30 ngay - YouTube Premium Account #974
youtube-premium.user975@luxaccount.vn,LuxPasswgn59e,HSD: 30 ngay - YouTube Premium Account #975
youtube-premium.user976@luxaccount.vn,LuxPassdpa0zd,HSD: 30 ngay - YouTube Premium Account #976
youtube-premium.user977@luxaccount.vn,LuxPassdlrd5q,HSD: 30 ngay - YouTube Premium Account #977
youtube-premium.user978@luxaccount.vn,LuxPassrx0rzj,HSD: 30 ngay - YouTube Premium Account #978
youtube-premium.user979@luxaccount.vn,LuxPassxh00f,HSD: 30 ngay - YouTube Premium Account #979
youtube-premium.user980@luxaccount.vn,LuxPass6c47x,HSD: 30 ngay - YouTube Premium Account #980
youtube-premium.user981@luxaccount.vn,LuxPassafr5zt,HSD: 30 ngay - YouTube Premium Account #981
youtube-premium.user982@luxaccount.vn,LuxPassdlo9g,HSD: 30 ngay - YouTube Premium Account #982
youtube-premium.user983@luxaccount.vn,LuxPassxzctj,HSD: 30 ngay - YouTube Premium Account #983
youtube-premium.user984@luxaccount.vn,LuxPass7il2d,HSD: 30 ngay - YouTube Premium Account #984
youtube-premium.user985@luxaccount.vn,LuxPassgci0ab,HSD: 30 ngay - YouTube Premium Account #985
youtube-premium.user986@luxaccount.vn,LuxPassbt2iwe,HSD: 30 ngay - YouTube Premium Account #986
youtube-premium.user987@luxaccount.vn,LuxPass41fads,HSD: 30 ngay - YouTube Premium Account #987
youtube-premium.user988@luxaccount.vn,LuxPass2pwgj,HSD: 30 ngay - YouTube Premium Account #988
youtube-premium.user989@luxaccount.vn,LuxPass3qkfx2q,HSD: 30 ngay - YouTube Premium Account #989
youtube-premium.user990@luxaccount.vn,LuxPassc2aiia,HSD: 30 ngay - YouTube Premium Account #990
youtube-premium.user991@luxaccount.vn,LuxPassmjdxyb,HSD: 30 ngay - YouTube Premium Account #991
youtube-premium.user992@luxaccount.vn,LuxPassy9197h,HSD: 30 ngay - YouTube Premium Account #992
youtube-premium.user993@luxaccount.vn,LuxPassxsginx,HSD: 30 ngay - YouTube Premium Account #993
youtube-premium.user994@luxaccount.vn,LuxPasslbsmu,HSD: 30 ngay - YouTube Premium Account #994
youtube-premium.user995@luxaccount.vn,LuxPassca5yt,HSD: 30 ngay - YouTube Premium Account #995
youtube-premium.user996@luxaccount.vn,LuxPass57wcg7,HSD: 30 ngay - YouTube Premium Account #996
youtube-premium.user997@luxaccount.vn,LuxPassy11nap,HSD: 30 ngay - YouTube Premium Account #997
youtube-premium.user998@luxaccount.vn,LuxPass1emh7r,HSD: 30 ngay - YouTube Premium Account #998
youtube-premium.user999@luxaccount.vn,LuxPassx0w2cy,HSD: 30 ngay - YouTube Premium Account #999
youtube-premium.user1000@luxaccount.vn,LuxPass6rf38,HSD: 30 ngay - YouTube Premium Account #1000
